source,object_type,symbol_or_asset,period_or_page,url,raw_file,retrieved_at_utc,bytes,sha256,row_count,provider_checksum,provider_checksum_match,cache_status
Binance Public Data,archive,BTCUSDT,2021-01,https://data.binance.vision/data/spot/monthly/klines/BTCUSDT/1h/BTCUSDT-1h-2021-01.zip,data/raw/full_import/binance/spot/monthly/klines/BTCUSDT/1h/BTCUSDT-1h-2021-01.zip,2026-07-28T19:29:25+00:00,45988,a2fa12bec12d942e58dbc7fb223973bd2173dfccf8e09edc501bda40b3c3638e,,a2fa12bec12d942e58dbc7fb223973bd2173dfccf8e09edc501bda40b3c3638e,True,cached_valid
Binance Public Data,checksum,BTCUSDT,2021-01,https://data.binance.vision/data/spot/monthly/klines/BTCUSDT/1h/BTCUSDT-1h-2021-01.zip.CHECKSUM,data/raw/full_import/binance/spot/monthly/klines/BTCUSDT/1h/BTCUSDT-1h-2021-01.zip.CHECKSUM,2026-07-28T19:29:25+00:00,88,bdb19f302bd62bd70f726b251f939f95257b9383f55698a67be98c87f2acc361,,a2fa12bec12d942e58dbc7fb223973bd2173dfccf8e09edc501bda40b3c3638e,True,cached_valid
Binance Public Data,archive,BTCUSDT,2021-02,https://data.binance.vision/data/spot/monthly/klines/BTCUSDT/1h/BTCUSDT-1h-2021-02.zip,data/raw/full_import/binance/spot/monthly/klines/BTCUSDT/1h/BTCUSDT-1h-2021-02.zip,2026-08-01T05:16:41+00:00,41575,8cd20f5058dc7585cfa874a3ab0e5fd0096f369c182d8fda80dc16495050e018,,8cd20f5058dc7585cfa874a3ab0e5fd0096f369c182d8fda80dc16495050e018,True,cached_valid
Binance Public Data,checksum,BTCUSDT,2021-02,https://data.binance.vision/data/spot/monthly/klines/BTCUSDT/1h/BTCUSDT-1h-2021-02.zip.CHECKSUM,data/raw/full_import/binance/spot/monthly/klines/BTCUSDT/1h/BTCUSDT-1h-2021-02.zip.CHECKSUM,2026-08-01T05:16:41+00:00,88,693c580d904b704c293e257c5c82ee49264b70a07a40f5173167b0d5f04d0388,,8cd20f5058dc7585cfa874a3ab0e5fd0096f369c182d8fda80dc16495050e018,True,cached_valid
Binance Public Data,archive,BTCUSDT,2021-03,https://data.binance.vision/data/spot/monthly/klines/BTCUSDT/1h/BTCUSDT-1h-2021-03.zip,data/raw/full_import/binance/spot/monthly/klines/BTCUSDT/1h/BTCUSDT-1h-2021-03.zip,2026-08-01T05:16:43+00:00,45712,748783e9715835dd334fbc0cbbff0518962ebbcbe0430acb65f2f506193bad2d,,748783e9715835dd334fbc0cbbff0518962ebbcbe0430acb65f2f506193bad2d,True,downloaded_or_resumed
Binance Public Data,checksum,BTCUSDT,2021-03,https://data.binance.vision/data/spot/monthly/klines/BTCUSDT/1h/BTCUSDT-1h-2021-03.zip.CHECKSUM,data/raw/full_import/binance/spot/monthly/klines/BTCUSDT/1h/BTCUSDT-1h-2021-03.zip.CHECKSUM,2026-08-01T05:16:43+00:00,88,ee1da631b9a76919482851df8a4dce1d011ac7625c2ee2efb54584a70c8c51ce,,748783e9715835dd334fbc0cbbff0518962ebbcbe0430acb65f2f506193bad2d,True,downloaded_or_resumed
Binance Public Data,archive,BTCUSDT,2021-04,https://data.binance.vision/data/spot/monthly/klines/BTCUSDT/1h/BTCUSDT-1h-2021-04.zip,data/raw/full_import/binance/spot/monthly/klines/BTCUSDT/1h/BTCUSDT-1h-2021-04.zip,2026-08-01T05:16:44+00:00,43918,e5a33803814e6771c4c85e8f2e28e90e46d40f14ca3180a8c10c305cf07fab74,,e5a33803814e6771c4c85e8f2e28e90e46d40f14ca3180a8c10c305cf07fab74,True,downloaded_or_resumed
Binance Public Data,checksum,BTCUSDT,2021-04,https://data.binance.vision/data/spot/monthly/klines/BTCUSDT/1h/BTCUSDT-1h-2021-04.zip.CHECKSUM,data/raw/full_import/binance/spot/monthly/klines/BTCUSDT/1h/BTCUSDT-1h-2021-04.zip.CHECKSUM,2026-08-01T05:16:44+00:00,88,196f424d290f65f136c2a3be29b810ad4a082ce7f25aceaaece8dbfeda601e76,,e5a33803814e6771c4c85e8f2e28e90e46d40f14ca3180a8c10c305cf07fab74,True,downloaded_or_resumed
Binance Public Data,archive,BTCUSDT,2021-05,https://data.binance.vision/data/spot/monthly/klines/BTCUSDT/1h/BTCUSDT-1h-2021-05.zip,data/raw/full_import/binance/spot/monthly/klines/BTCUSDT/1h/BTCUSDT-1h-2021-05.zip,2026-08-01T05:16:45+00:00,46221,728503d417904afff17b403e66f74c18ed0067d3f8e4215130c8a97180c9fccc,,728503d417904afff17b403e66f74c18ed0067d3f8e4215130c8a97180c9fccc,True,downloaded_or_resumed
Binance Public Data,checksum,BTCUSDT,2021-05,https://data.binance.vision/data/spot/monthly/klines/BTCUSDT/1h/BTCUSDT-1h-2021-05.zip.CHECKSUM,data/raw/full_import/binance/spot/monthly/klines/BTCUSDT/1h/BTCUSDT-1h-2021-05.zip.CHECKSUM,2026-08-01T05:16:45+00:00,88,e877627ca2a6b573ab615db552d5684fdd9d7cbb17f374f2e6355923e8f84fe2,,728503d417904afff17b403e66f74c18ed0067d3f8e4215130c8a97180c9fccc,True,downloaded_or_resumed
Binance Public Data,archive,BTCUSDT,2021-06,https://data.binance.vision/data/spot/monthly/klines/BTCUSDT/1h/BTCUSDT-1h-2021-06.zip,data/raw/full_import/binance/spot/monthly/klines/BTCUSDT/1h/BTCUSDT-1h-2021-06.zip,2026-08-01T05:16:46+00:00,44232,9ea9585cf2c938044d2d1b613f451ff9482bd7d2a38da2c9d22cf0c9f00f65ac,,9ea9585cf2c938044d2d1b613f451ff9482bd7d2a38da2c9d22cf0c9f00f65ac,True,downloaded_or_resumed
Binance Public Data,checksum,BTCUSDT,2021-06,https://data.binance.vision/data/spot/monthly/klines/BTCUSDT/1h/BTCUSDT-1h-2021-06.zip.CHECKSUM,data/raw/full_import/binance/spot/monthly/klines/BTCUSDT/1h/BTCUSDT-1h-2021-06.zip.CHECKSUM,2026-08-01T05:16:46+00:00,88,839fcdbc1ce780a0ba406b36ee78fa8420fdf423b1d379805a2526f6abf37b19,,9ea9585cf2c938044d2d1b613f451ff9482bd7d2a38da2c9d22cf0c9f00f65ac,True,downloaded_or_resumed
Binance Public Data,archive,BTCUSDT,2021-07,https://data.binance.vision/data/spot/monthly/klines/BTCUSDT/1h/BTCUSDT-1h-2021-07.zip,data/raw/full_import/binance/spot/monthly/klines/BTCUSDT/1h/BTCUSDT-1h-2021-07.zip,2026-08-01T05:16:47+00:00,45217,993a88728e31b4c4e6f3b28442ab251de5ee434fe06865e1b57063a4f91fc8d9,,993a88728e31b4c4e6f3b28442ab251de5ee434fe06865e1b57063a4f91fc8d9,True,downloaded_or_resumed
Binance Public Data,checksum,BTCUSDT,2021-07,https://data.binance.vision/data/spot/monthly/klines/BTCUSDT/1h/BTCUSDT-1h-2021-07.zip.CHECKSUM,data/raw/full_import/binance/spot/monthly/klines/BTCUSDT/1h/BTCUSDT-1h-2021-07.zip.CHECKSUM,2026-08-01T05:16:47+00:00,88,eb9d820f75103fc9c85db36434be8c0b2dd89c0bcfc065b2bea3b941c68489fd,,993a88728e31b4c4e6f3b28442ab251de5ee434fe06865e1b57063a4f91fc8d9,True,downloaded_or_resumed
Binance Public Data,archive,BTCUSDT,2021-08,https://data.binance.vision/data/spot/monthly/klines/BTCUSDT/1h/BTCUSDT-1h-2021-08.zip,data/raw/full_import/binance/spot/monthly/klines/BTCUSDT/1h/BTCUSDT-1h-2021-08.zip,2026-08-01T05:16:50+00:00,44883,5cadb462255761842326a2c4b5fe2a91c8a2135c3ba6dd5f0969877f0722f4be,,5cadb462255761842326a2c4b5fe2a91c8a2135c3ba6dd5f0969877f0722f4be,True,downloaded_or_resumed
Binance Public Data,checksum,BTCUSDT,2021-08,https://data.binance.vision/data/spot/monthly/klines/BTCUSDT/1h/BTCUSDT-1h-2021-08.zip.CHECKSUM,data/raw/full_import/binance/spot/monthly/klines/BTCUSDT/1h/BTCUSDT-1h-2021-08.zip.CHECKSUM,2026-08-01T05:16:50+00:00,88,61dc37eb65c781d2e0d5bcec029ec78636478311ed057dd7e56dcf41eef71a63,,5cadb462255761842326a2c4b5fe2a91c8a2135c3ba6dd5f0969877f0722f4be,True,downloaded_or_resumed
Binance Public Data,archive,BTCUSDT,2021-09,https://data.binance.vision/data/spot/monthly/klines/BTCUSDT/1h/BTCUSDT-1h-2021-09.zip,data/raw/full_import/binance/spot/monthly/klines/BTCUSDT/1h/BTCUSDT-1h-2021-09.zip,2026-08-01T05:16:51+00:00,42473,0d344f8ab39d910c148b89fada91256afcb3e8b20eb812ebc158ac8ac527ea07,,0d344f8ab39d910c148b89fada91256afcb3e8b20eb812ebc158ac8ac527ea07,True,downloaded_or_resumed
Binance Public Data,checksum,BTCUSDT,2021-09,https://data.binance.vision/data/spot/monthly/klines/BTCUSDT/1h/BTCUSDT-1h-2021-09.zip.CHECKSUM,data/raw/full_import/binance/spot/monthly/klines/BTCUSDT/1h/BTCUSDT-1h-2021-09.zip.CHECKSUM,2026-08-01T05:16:51+00:00,88,a61b2d74e50e5f9bb9b09ad42a7e804981b231ea815f90ccb3f4712b50f38016,,0d344f8ab39d910c148b89fada91256afcb3e8b20eb812ebc158ac8ac527ea07,True,downloaded_or_resumed
Binance Public Data,archive,BTCUSDT,2021-10,https://data.binance.vision/data/spot/monthly/klines/BTCUSDT/1h/BTCUSDT-1h-2021-10.zip,data/raw/full_import/binance/spot/monthly/klines/BTCUSDT/1h/BTCUSDT-1h-2021-10.zip,2026-08-01T05:16:52+00:00,44164,8065fe2ddd9992398b49fb76e83a60e51392e1ecd4b46c438c075d3e5f6e2291,,8065fe2ddd9992398b49fb76e83a60e51392e1ecd4b46c438c075d3e5f6e2291,True,downloaded_or_resumed
Binance Public Data,checksum,BTCUSDT,2021-10,https://data.binance.vision/data/spot/monthly/klines/BTCUSDT/1h/BTCUSDT-1h-2021-10.zip.CHECKSUM,data/raw/full_import/binance/spot/monthly/klines/BTCUSDT/1h/BTCUSDT-1h-2021-10.zip.CHECKSUM,2026-08-01T05:16:52+00:00,88,79b8b34daa5df80b24566972707294c949c5716f20da2d125957acdcc60a4d41,,8065fe2ddd9992398b49fb76e83a60e51392e1ecd4b46c438c075d3e5f6e2291,True,downloaded_or_resumed
Binance Public Data,archive,BTCUSDT,2021-11,https://data.binance.vision/data/spot/monthly/klines/BTCUSDT/1h/BTCUSDT-1h-2021-11.zip,data/raw/full_import/binance/spot/monthly/klines/BTCUSDT/1h/BTCUSDT-1h-2021-11.zip,2026-08-01T05:16:54+00:00,42690,64d376e949c3518c3b526cac41322114a2e7287395e9089f0da34e25079c2940,,64d376e949c3518c3b526cac41322114a2e7287395e9089f0da34e25079c2940,True,downloaded_or_resumed
Binance Public Data,checksum,BTCUSDT,2021-11,https://data.binance.vision/data/spot/monthly/klines/BTCUSDT/1h/BTCUSDT-1h-2021-11.zip.CHECKSUM,data/raw/full_import/binance/spot/monthly/klines/BTCUSDT/1h/BTCUSDT-1h-2021-11.zip.CHECKSUM,2026-08-01T05:16:54+00:00,88,56e04d238b1a4dc9f6b35df82d557d5b9adfe5660d454347f6d1fd187872b1b0,,64d376e949c3518c3b526cac41322114a2e7287395e9089f0da34e25079c2940,True,downloaded_or_resumed
Binance Public Data,archive,BTCUSDT,2021-12,https://data.binance.vision/data/spot/monthly/klines/BTCUSDT/1h/BTCUSDT-1h-2021-12.zip,data/raw/full_import/binance/spot/monthly/klines/BTCUSDT/1h/BTCUSDT-1h-2021-12.zip,2026-08-01T05:16:56+00:00,43757,b01133a69b22aa7904742a06a892ff3811152377f61e23977051a937afe2fbaa,,b01133a69b22aa7904742a06a892ff3811152377f61e23977051a937afe2fbaa,True,downloaded_or_resumed
Binance Public Data,checksum,BTCUSDT,2021-12,https://data.binance.vision/data/spot/monthly/klines/BTCUSDT/1h/BTCUSDT-1h-2021-12.zip.CHECKSUM,data/raw/full_import/binance/spot/monthly/klines/BTCUSDT/1h/BTCUSDT-1h-2021-12.zip.CHECKSUM,2026-08-01T05:16:56+00:00,88,b6146c87c9b26d52303e3e31a18d7936994187e53c8e8f5de3853e7b796a498b,,b01133a69b22aa7904742a06a892ff3811152377f61e23977051a937afe2fbaa,True,downloaded_or_resumed
Binance Public Data,archive,BTCUSDT,2022-01,https://data.binance.vision/data/spot/monthly/klines/BTCUSDT/1h/BTCUSDT-1h-2022-01.zip,data/raw/full_import/binance/spot/monthly/klines/BTCUSDT/1h/BTCUSDT-1h-2022-01.zip,2026-08-01T05:16:58+00:00,43687,e04068d0aee5e3571dc7e9a1d220475047f544e1cf1bad800b7cbbf190281c40,,e04068d0aee5e3571dc7e9a1d220475047f544e1cf1bad800b7cbbf190281c40,True,downloaded_or_resumed
Binance Public Data,checksum,BTCUSDT,2022-01,https://data.binance.vision/data/spot/monthly/klines/BTCUSDT/1h/BTCUSDT-1h-2022-01.zip.CHECKSUM,data/raw/full_import/binance/spot/monthly/klines/BTCUSDT/1h/BTCUSDT-1h-2022-01.zip.CHECKSUM,2026-08-01T05:16:58+00:00,88,ee91eb1362fa219f7cbff3ec9585a69d0572c45211135be90afa217774511c40,,e04068d0aee5e3571dc7e9a1d220475047f544e1cf1bad800b7cbbf190281c40,True,downloaded_or_resumed
Binance Public Data,archive,BTCUSDT,2022-02,https://data.binance.vision/data/spot/monthly/klines/BTCUSDT/1h/BTCUSDT-1h-2022-02.zip,data/raw/full_import/binance/spot/monthly/klines/BTCUSDT/1h/BTCUSDT-1h-2022-02.zip,2026-08-01T05:17:00+00:00,39642,4e479b38278726cccb9257f5564c5c78477144d3ffe69df6afaf3b55ace617be,,4e479b38278726cccb9257f5564c5c78477144d3ffe69df6afaf3b55ace617be,True,downloaded_or_resumed
Binance Public Data,checksum,BTCUSDT,2022-02,https://data.binance.vision/data/spot/monthly/klines/BTCUSDT/1h/BTCUSDT-1h-2022-02.zip.CHECKSUM,data/raw/full_import/binance/spot/monthly/klines/BTCUSDT/1h/BTCUSDT-1h-2022-02.zip.CHECKSUM,2026-08-01T05:17:00+00:00,88,fce03e6ccdf10b0746e6472957c8d77b161917961541ef23588851895c0a5ac6,,4e479b38278726cccb9257f5564c5c78477144d3ffe69df6afaf3b55ace617be,True,downloaded_or_resumed
Binance Public Data,archive,BTCUSDT,2022-03,https://data.binance.vision/data/spot/monthly/klines/BTCUSDT/1h/BTCUSDT-1h-2022-03.zip,data/raw/full_import/binance/spot/monthly/klines/BTCUSDT/1h/BTCUSDT-1h-2022-03.zip,2026-08-01T05:17:01+00:00,43784,1cfb082f6bc9a2937b5b846073ddf65f71b18f2502778ac667aab3421ef80085,,1cfb082f6bc9a2937b5b846073ddf65f71b18f2502778ac667aab3421ef80085,True,downloaded_or_resumed
Binance Public Data,checksum,BTCUSDT,2022-03,https://data.binance.vision/data/spot/monthly/klines/BTCUSDT/1h/BTCUSDT-1h-2022-03.zip.CHECKSUM,data/raw/full_import/binance/spot/monthly/klines/BTCUSDT/1h/BTCUSDT-1h-2022-03.zip.CHECKSUM,2026-08-01T05:17:01+00:00,88,ccf0c17bdf5112efb54d5507f2004a20a57a549d6cc36fec633b4f8bef3ba69b,,1cfb082f6bc9a2937b5b846073ddf65f71b18f2502778ac667aab3421ef80085,True,downloaded_or_resumed
Binance Public Data,archive,BTCUSDT,2022-04,https://data.binance.vision/data/spot/monthly/klines/BTCUSDT/1h/BTCUSDT-1h-2022-04.zip,data/raw/full_import/binance/spot/monthly/klines/BTCUSDT/1h/BTCUSDT-1h-2022-04.zip,2026-08-01T05:17:02+00:00,42204,7157a267e70bcd9ae04a8898527fad00d7733e941df9b95a1d5e0ae6dcd61c3e,,7157a267e70bcd9ae04a8898527fad00d7733e941df9b95a1d5e0ae6dcd61c3e,True,downloaded_or_resumed
Binance Public Data,checksum,BTCUSDT,2022-04,https://data.binance.vision/data/spot/monthly/klines/BTCUSDT/1h/BTCUSDT-1h-2022-04.zip.CHECKSUM,data/raw/full_import/binance/spot/monthly/klines/BTCUSDT/1h/BTCUSDT-1h-2022-04.zip.CHECKSUM,2026-08-01T05:17:02+00:00,88,3e31bcccdc88f9bb736342a86e711ebefa2b86c814dfbd8db2a5f6a82a7ea43d,,7157a267e70bcd9ae04a8898527fad00d7733e941df9b95a1d5e0ae6dcd61c3e,True,downloaded_or_resumed
Binance Public Data,archive,BTCUSDT,2022-05,https://data.binance.vision/data/spot/monthly/klines/BTCUSDT/1h/BTCUSDT-1h-2022-05.zip,data/raw/full_import/binance/spot/monthly/klines/BTCUSDT/1h/BTCUSDT-1h-2022-05.zip,2026-08-01T05:17:04+00:00,43955,ff0744eceba5e6d2f7145ecfdc9d3fac84f4576c15221dbeb71c6d6e59484300,,ff0744eceba5e6d2f7145ecfdc9d3fac84f4576c15221dbeb71c6d6e59484300,True,downloaded_or_resumed
Binance Public Data,checksum,BTCUSDT,2022-05,https://data.binance.vision/data/spot/monthly/klines/BTCUSDT/1h/BTCUSDT-1h-2022-05.zip.CHECKSUM,data/raw/full_import/binance/spot/monthly/klines/BTCUSDT/1h/BTCUSDT-1h-2022-05.zip.CHECKSUM,2026-08-01T05:17:04+00:00,88,435ac91413e8ff094a862d123f1159b96390648af95cc5a09d392a8738f5ba59,,ff0744eceba5e6d2f7145ecfdc9d3fac84f4576c15221dbeb71c6d6e59484300,True,downloaded_or_resumed
Binance Public Data,archive,BTCUSDT,2022-06,https://data.binance.vision/data/spot/monthly/klines/BTCUSDT/1h/BTCUSDT-1h-2022-06.zip,data/raw/full_import/binance/spot/monthly/klines/BTCUSDT/1h/BTCUSDT-1h-2022-06.zip,2026-08-01T05:17:06+00:00,42662,b18f6f8edbb41960f81aec100c7836fdc0de6d640ee4309a3d0fad999ae0a2c8,,b18f6f8edbb41960f81aec100c7836fdc0de6d640ee4309a3d0fad999ae0a2c8,True,downloaded_or_resumed
Binance Public Data,checksum,BTCUSDT,2022-06,https://data.binance.vision/data/spot/monthly/klines/BTCUSDT/1h/BTCUSDT-1h-2022-06.zip.CHECKSUM,data/raw/full_import/binance/spot/monthly/klines/BTCUSDT/1h/BTCUSDT-1h-2022-06.zip.CHECKSUM,2026-08-01T05:17:06+00:00,88,5189a2a4c1df2651ba3541e7aca6dc61ae93b45b59fbb0560c7edaaf69b6c564,,b18f6f8edbb41960f81aec100c7836fdc0de6d640ee4309a3d0fad999ae0a2c8,True,downloaded_or_resumed
Binance Public Data,archive,BTCUSDT,2022-07,https://data.binance.vision/data/spot/monthly/klines/BTCUSDT/1h/BTCUSDT-1h-2022-07.zip,data/raw/full_import/binance/spot/monthly/klines/BTCUSDT/1h/BTCUSDT-1h-2022-07.zip,2026-08-01T05:17:07+00:00,44740,9f0ba9663f9fada7692b3cfe645df3832599f9e785056ddd77bd464475553e9e,,9f0ba9663f9fada7692b3cfe645df3832599f9e785056ddd77bd464475553e9e,True,downloaded_or_resumed
Binance Public Data,checksum,BTCUSDT,2022-07,https://data.binance.vision/data/spot/monthly/klines/BTCUSDT/1h/BTCUSDT-1h-2022-07.zip.CHECKSUM,data/raw/full_import/binance/spot/monthly/klines/BTCUSDT/1h/BTCUSDT-1h-2022-07.zip.CHECKSUM,2026-08-01T05:17:07+00:00,88,6291f4fbab9c594465ff0bb61c5887739b083ae7f2e5c570ec02e01724870306,,9f0ba9663f9fada7692b3cfe645df3832599f9e785056ddd77bd464475553e9e,True,downloaded_or_resumed
Binance Public Data,archive,BTCUSDT,2022-08,https://data.binance.vision/data/spot/monthly/klines/BTCUSDT/1h/BTCUSDT-1h-2022-08.zip,data/raw/full_import/binance/spot/monthly/klines/BTCUSDT/1h/BTCUSDT-1h-2022-08.zip,2026-08-01T05:17:09+00:00,44748,3cc22044f94cb303d12013293ba6db6d44abdf1490d38d00f1389e98717a3891,,3cc22044f94cb303d12013293ba6db6d44abdf1490d38d00f1389e98717a3891,True,downloaded_or_resumed
Binance Public Data,checksum,BTCUSDT,2022-08,https://data.binance.vision/data/spot/monthly/klines/BTCUSDT/1h/BTCUSDT-1h-2022-08.zip.CHECKSUM,data/raw/full_import/binance/spot/monthly/klines/BTCUSDT/1h/BTCUSDT-1h-2022-08.zip.CHECKSUM,2026-08-01T05:17:09+00:00,88,b7053c0fc1359ad50225b84055510e7ca5301d0830d56e06922b7435a2226295,,3cc22044f94cb303d12013293ba6db6d44abdf1490d38d00f1389e98717a3891,True,downloaded_or_resumed
Binance Public Data,archive,BTCUSDT,2022-09,https://data.binance.vision/data/spot/monthly/klines/BTCUSDT/1h/BTCUSDT-1h-2022-09.zip,data/raw/full_import/binance/spot/monthly/klines/BTCUSDT/1h/BTCUSDT-1h-2022-09.zip,2026-08-01T05:17:10+00:00,43701,a65dcd73017d92ea8d86e82ea1aee3dac55881f8672594d2e85d1cf392e1e78a,,a65dcd73017d92ea8d86e82ea1aee3dac55881f8672594d2e85d1cf392e1e78a,True,downloaded_or_resumed
Binance Public Data,checksum,BTCUSDT,2022-09,https://data.binance.vision/data/spot/monthly/klines/BTCUSDT/1h/BTCUSDT-1h-2022-09.zip.CHECKSUM,data/raw/full_import/binance/spot/monthly/klines/BTCUSDT/1h/BTCUSDT-1h-2022-09.zip.CHECKSUM,2026-08-01T05:17:10+00:00,88,f217dde1a12de2e22093ae439c8e9485ed04351261eb067f00e42acf0438828b,,a65dcd73017d92ea8d86e82ea1aee3dac55881f8672594d2e85d1cf392e1e78a,True,downloaded_or_resumed
Binance Public Data,archive,BTCUSDT,2022-10,https://data.binance.vision/data/spot/monthly/klines/BTCUSDT/1h/BTCUSDT-1h-2022-10.zip,data/raw/full_import/binance/spot/monthly/klines/BTCUSDT/1h/BTCUSDT-1h-2022-10.zip,2026-08-01T05:17:12+00:00,44566,2591cbbe022ce9d4559aee1fa41ea0033324c2c4debc776cfedc9588167d413b,,2591cbbe022ce9d4559aee1fa41ea0033324c2c4debc776cfedc9588167d413b,True,downloaded_or_resumed
Binance Public Data,checksum,BTCUSDT,2022-10,https://data.binance.vision/data/spot/monthly/klines/BTCUSDT/1h/BTCUSDT-1h-2022-10.zip.CHECKSUM,data/raw/full_import/binance/spot/monthly/klines/BTCUSDT/1h/BTCUSDT-1h-2022-10.zip.CHECKSUM,2026-08-01T05:17:12+00:00,88,795a06bfc29aa565963e464700162a91de2abd6d35ed95e6f78409f070fd41d7,,2591cbbe022ce9d4559aee1fa41ea0033324c2c4debc776cfedc9588167d413b,True,downloaded_or_resumed
Binance Public Data,archive,BTCUSDT,2022-11,https://data.binance.vision/data/spot/monthly/klines/BTCUSDT/1h/BTCUSDT-1h-2022-11.zip,data/raw/full_import/binance/spot/monthly/klines/BTCUSDT/1h/BTCUSDT-1h-2022-11.zip,2026-08-01T05:17:13+00:00,43509,5608adf8602a8ac616ee03c2c4461a37f4646631d67edf3d2f1a94e82e5c5065,,5608adf8602a8ac616ee03c2c4461a37f4646631d67edf3d2f1a94e82e5c5065,True,downloaded_or_resumed
Binance Public Data,checksum,BTCUSDT,2022-11,https://data.binance.vision/data/spot/monthly/klines/BTCUSDT/1h/BTCUSDT-1h-2022-11.zip.CHECKSUM,data/raw/full_import/binance/spot/monthly/klines/BTCUSDT/1h/BTCUSDT-1h-2022-11.zip.CHECKSUM,2026-08-01T05:17:13+00:00,88,2ada4f7cb801531817afcc76ae95708e5a01823fd3fbcb3dc6f62df95aa5289a,,5608adf8602a8ac616ee03c2c4461a37f4646631d67edf3d2f1a94e82e5c5065,True,downloaded_or_resumed
Binance Public Data,archive,BTCUSDT,2022-12,https://data.binance.vision/data/spot/monthly/klines/BTCUSDT/1h/BTCUSDT-1h-2022-12.zip,data/raw/full_import/binance/spot/monthly/klines/BTCUSDT/1h/BTCUSDT-1h-2022-12.zip,2026-08-01T05:17:15+00:00,44019,69c5e5f01df947bfea48ab3c8e2f462b7358effa9e2700489a4ad0dbd29b24aa,,69c5e5f01df947bfea48ab3c8e2f462b7358effa9e2700489a4ad0dbd29b24aa,True,downloaded_or_resumed
Binance Public Data,checksum,BTCUSDT,2022-12,https://data.binance.vision/data/spot/monthly/klines/BTCUSDT/1h/BTCUSDT-1h-2022-12.zip.CHECKSUM,data/raw/full_import/binance/spot/monthly/klines/BTCUSDT/1h/BTCUSDT-1h-2022-12.zip.CHECKSUM,2026-08-01T05:17:15+00:00,88,71d515a0d0f5bd782d540f6a61464deca16053296e91d231ad3caf2a85792788,,69c5e5f01df947bfea48ab3c8e2f462b7358effa9e2700489a4ad0dbd29b24aa,True,downloaded_or_resumed
Binance Public Data,archive,BTCUSDT,2023-01,https://data.binance.vision/data/spot/monthly/klines/BTCUSDT/1h/BTCUSDT-1h-2023-01.zip,data/raw/full_import/binance/spot/monthly/klines/BTCUSDT/1h/BTCUSDT-1h-2023-01.zip,2026-08-01T05:17:16+00:00,44765,ea8caf7fd56c7f7143723f56f8d12a2fc0b643badbcdae5c660db2d11454a11d,,ea8caf7fd56c7f7143723f56f8d12a2fc0b643badbcdae5c660db2d11454a11d,True,downloaded_or_resumed
Binance Public Data,checksum,BTCUSDT,2023-01,https://data.binance.vision/data/spot/monthly/klines/BTCUSDT/1h/BTCUSDT-1h-2023-01.zip.CHECKSUM,data/raw/full_import/binance/spot/monthly/klines/BTCUSDT/1h/BTCUSDT-1h-2023-01.zip.CHECKSUM,2026-08-01T05:17:16+00:00,88,1b65007b7303e71da6ec7f9b47ab02e97d888bde14e0f431b8a87c26a927f22d,,ea8caf7fd56c7f7143723f56f8d12a2fc0b643badbcdae5c660db2d11454a11d,True,downloaded_or_resumed
Binance Public Data,archive,BTCUSDT,2023-02,https://data.binance.vision/data/spot/monthly/klines/BTCUSDT/1h/BTCUSDT-1h-2023-02.zip,data/raw/full_import/binance/spot/monthly/klines/BTCUSDT/1h/BTCUSDT-1h-2023-02.zip,2026-08-01T05:17:18+00:00,40955,53525b700548a19488fcb8754778acdf7941c9ba0b6e7eb548a51a376ef8d86b,,53525b700548a19488fcb8754778acdf7941c9ba0b6e7eb548a51a376ef8d86b,True,downloaded_or_resumed
Binance Public Data,checksum,BTCUSDT,2023-02,https://data.binance.vision/data/spot/monthly/klines/BTCUSDT/1h/BTCUSDT-1h-2023-02.zip.CHECKSUM,data/raw/full_import/binance/spot/monthly/klines/BTCUSDT/1h/BTCUSDT-1h-2023-02.zip.CHECKSUM,2026-08-01T05:17:18+00:00,88,ff3375d5a4d92b97dec807d707e00c4b4adb55f169d693a8436d93aa2dcd63e1,,53525b700548a19488fcb8754778acdf7941c9ba0b6e7eb548a51a376ef8d86b,True,downloaded_or_resumed
Binance Public Data,archive,BTCUSDT,2023-03,https://data.binance.vision/data/spot/monthly/klines/BTCUSDT/1h/BTCUSDT-1h-2023-03.zip,data/raw/full_import/binance/spot/monthly/klines/BTCUSDT/1h/BTCUSDT-1h-2023-03.zip,2026-08-01T05:17:20+00:00,44928,7f2afb8e0179a57ac31eab5205660298ba5eb77039ac2e21aef9b715ff3d06ce,,7f2afb8e0179a57ac31eab5205660298ba5eb77039ac2e21aef9b715ff3d06ce,True,downloaded_or_resumed
Binance Public Data,checksum,BTCUSDT,2023-03,https://data.binance.vision/data/spot/monthly/klines/BTCUSDT/1h/BTCUSDT-1h-2023-03.zip.CHECKSUM,data/raw/full_import/binance/spot/monthly/klines/BTCUSDT/1h/BTCUSDT-1h-2023-03.zip.CHECKSUM,2026-08-01T05:17:20+00:00,88,0723db47f2c7d886dc8c832edeeb6e4d72c3b8e0da9404e12a718b19f8dbe21b,,7f2afb8e0179a57ac31eab5205660298ba5eb77039ac2e21aef9b715ff3d06ce,True,downloaded_or_resumed
Binance Public Data,archive,BTCUSDT,2023-04,https://data.binance.vision/data/spot/monthly/klines/BTCUSDT/1h/BTCUSDT-1h-2023-04.zip,data/raw/full_import/binance/spot/monthly/klines/BTCUSDT/1h/BTCUSDT-1h-2023-04.zip,2026-08-01T05:17:21+00:00,41904,1787dc83836deafaa77d4276cbe3b3ca1fe0083b3017079e3560605ff4f7a4ba,,1787dc83836deafaa77d4276cbe3b3ca1fe0083b3017079e3560605ff4f7a4ba,True,downloaded_or_resumed
Binance Public Data,checksum,BTCUSDT,2023-04,https://data.binance.vision/data/spot/monthly/klines/BTCUSDT/1h/BTCUSDT-1h-2023-04.zip.CHECKSUM,data/raw/full_import/binance/spot/monthly/klines/BTCUSDT/1h/BTCUSDT-1h-2023-04.zip.CHECKSUM,2026-08-01T05:17:21+00:00,88,37ae88200c83f4764bee0f3019b9dedee691a3fb3c2cce93d4667197a0ee3814,,1787dc83836deafaa77d4276cbe3b3ca1fe0083b3017079e3560605ff4f7a4ba,True,downloaded_or_resumed
Binance Public Data,archive,BTCUSDT,2023-05,https://data.binance.vision/data/spot/monthly/klines/BTCUSDT/1h/BTCUSDT-1h-2023-05.zip,data/raw/full_import/binance/spot/monthly/klines/BTCUSDT/1h/BTCUSDT-1h-2023-05.zip,2026-08-01T05:17:23+00:00,43095,16b33557a4a4040fc56c711f4b1a750ebafb5a7f8dd46c060d9fc8c66cdc1982,,16b33557a4a4040fc56c711f4b1a750ebafb5a7f8dd46c060d9fc8c66cdc1982,True,downloaded_or_resumed
Binance Public Data,checksum,BTCUSDT,2023-05,https://data.binance.vision/data/spot/monthly/klines/BTCUSDT/1h/BTCUSDT-1h-2023-05.zip.CHECKSUM,data/raw/full_import/binance/spot/monthly/klines/BTCUSDT/1h/BTCUSDT-1h-2023-05.zip.CHECKSUM,2026-08-01T05:17:23+00:00,88,d617401ef04d25a6b4aa03d2a7f5e0a69aa534f7abe991416d6a74748ee1752d,,16b33557a4a4040fc56c711f4b1a750ebafb5a7f8dd46c060d9fc8c66cdc1982,True,downloaded_or_resumed
Binance Public Data,archive,BTCUSDT,2023-06,https://data.binance.vision/data/spot/monthly/klines/BTCUSDT/1h/BTCUSDT-1h-2023-06.zip,data/raw/full_import/binance/spot/monthly/klines/BTCUSDT/1h/BTCUSDT-1h-2023-06.zip,2026-08-01T05:17:25+00:00,41669,05f87fb5f004ee0aff019adb7015afab8df0baaaf2b77154d75ae53e18d59b11,,05f87fb5f004ee0aff019adb7015afab8df0baaaf2b77154d75ae53e18d59b11,True,downloaded_or_resumed
Binance Public Data,checksum,BTCUSDT,2023-06,https://data.binance.vision/data/spot/monthly/klines/BTCUSDT/1h/BTCUSDT-1h-2023-06.zip.CHECKSUM,data/raw/full_import/binance/spot/monthly/klines/BTCUSDT/1h/BTCUSDT-1h-2023-06.zip.CHECKSUM,2026-08-01T05:17:25+00:00,88,b570a9b7671751331764eaf4aeef5c02a7e9e8d1e95bea63ca5d3caab4498330,,05f87fb5f004ee0aff019adb7015afab8df0baaaf2b77154d75ae53e18d59b11,True,downloaded_or_resumed
Binance Public Data,archive,BTCUSDT,2023-07,https://data.binance.vision/data/spot/monthly/klines/BTCUSDT/1h/BTCUSDT-1h-2023-07.zip,data/raw/full_import/binance/spot/monthly/klines/BTCUSDT/1h/BTCUSDT-1h-2023-07.zip,2026-08-01T05:17:27+00:00,42245,f49a738a793055a583784e78a54840a43861fd110118cbe1add14ef1afb63032,,f49a738a793055a583784e78a54840a43861fd110118cbe1add14ef1afb63032,True,downloaded_or_resumed
Binance Public Data,checksum,BTCUSDT,2023-07,https://data.binance.vision/data/spot/monthly/klines/BTCUSDT/1h/BTCUSDT-1h-2023-07.zip.CHECKSUM,data/raw/full_import/binance/spot/monthly/klines/BTCUSDT/1h/BTCUSDT-1h-2023-07.zip.CHECKSUM,2026-08-01T05:17:27+00:00,88,ff616ae667726cb5813a319cf113e24a3bb2ded64458881b8cdec1326327ad24,,f49a738a793055a583784e78a54840a43861fd110118cbe1add14ef1afb63032,True,downloaded_or_resumed
Binance Public Data,archive,BTCUSDT,2023-08,https://data.binance.vision/data/spot/monthly/klines/BTCUSDT/1h/BTCUSDT-1h-2023-08.zip,data/raw/full_import/binance/spot/monthly/klines/BTCUSDT/1h/BTCUSDT-1h-2023-08.zip,2026-08-01T05:17:28+00:00,42213,e983243d44536a06ff4707cf35df29f636fe788e6fb69c3b3feed2ef43d343d4,,e983243d44536a06ff4707cf35df29f636fe788e6fb69c3b3feed2ef43d343d4,True,downloaded_or_resumed
Binance Public Data,checksum,BTCUSDT,2023-08,https://data.binance.vision/data/spot/monthly/klines/BTCUSDT/1h/BTCUSDT-1h-2023-08.zip.CHECKSUM,data/raw/full_import/binance/spot/monthly/klines/BTCUSDT/1h/BTCUSDT-1h-2023-08.zip.CHECKSUM,2026-08-01T05:17:28+00:00,88,b6e03ef1b1e7219dbbe8f327735a8a0ccb71621f09014aab8c7c7802fabd1002,,e983243d44536a06ff4707cf35df29f636fe788e6fb69c3b3feed2ef43d343d4,True,downloaded_or_resumed
Binance Public Data,archive,BTCUSDT,2023-09,https://data.binance.vision/data/spot/monthly/klines/BTCUSDT/1h/BTCUSDT-1h-2023-09.zip,data/raw/full_import/binance/spot/monthly/klines/BTCUSDT/1h/BTCUSDT-1h-2023-09.zip,2026-08-01T05:17:30+00:00,40962,28e12ccaf15745bfe11f570b9079793750047fde3d340fe0231858b26bc0f9d9,,28e12ccaf15745bfe11f570b9079793750047fde3d340fe0231858b26bc0f9d9,True,downloaded_or_resumed
Binance Public Data,checksum,BTCUSDT,2023-09,https://data.binance.vision/data/spot/monthly/klines/BTCUSDT/1h/BTCUSDT-1h-2023-09.zip.CHECKSUM,data/raw/full_import/binance/spot/monthly/klines/BTCUSDT/1h/BTCUSDT-1h-2023-09.zip.CHECKSUM,2026-08-01T05:17:30+00:00,88,0321fb2033b1cac2da479e8fd82a1c10904785c06da6b4b2c512a39dc5cb9718,,28e12ccaf15745bfe11f570b9079793750047fde3d340fe0231858b26bc0f9d9,True,downloaded_or_resumed
Binance Public Data,archive,BTCUSDT,2023-10,https://data.binance.vision/data/spot/monthly/klines/BTCUSDT/1h/BTCUSDT-1h-2023-10.zip,data/raw/full_import/binance/spot/monthly/klines/BTCUSDT/1h/BTCUSDT-1h-2023-10.zip,2026-08-01T05:17:31+00:00,42928,165ec50601f914d6c41b776414096bc73974bf45fcd41aaddfedd1cf66cb6c6e,,165ec50601f914d6c41b776414096bc73974bf45fcd41aaddfedd1cf66cb6c6e,True,downloaded_or_resumed
Binance Public Data,checksum,BTCUSDT,2023-10,https://data.binance.vision/data/spot/monthly/klines/BTCUSDT/1h/BTCUSDT-1h-2023-10.zip.CHECKSUM,data/raw/full_import/binance/spot/monthly/klines/BTCUSDT/1h/BTCUSDT-1h-2023-10.zip.CHECKSUM,2026-08-01T05:17:31+00:00,88,e41af45262b53f853e8351fa147cbba1a0022e56426adf1e07a77139fd66f5ad,,165ec50601f914d6c41b776414096bc73974bf45fcd41aaddfedd1cf66cb6c6e,True,downloaded_or_resumed
Binance Public Data,archive,BTCUSDT,2023-11,https://data.binance.vision/data/spot/monthly/klines/BTCUSDT/1h/BTCUSDT-1h-2023-11.zip,data/raw/full_import/binance/spot/monthly/klines/BTCUSDT/1h/BTCUSDT-1h-2023-11.zip,2026-08-01T05:17:33+00:00,41648,4f550d182d529839dd9cfc28ef0ecca8cd8003e991067e92a2af5b9e92762f49,,4f550d182d529839dd9cfc28ef0ecca8cd8003e991067e92a2af5b9e92762f49,True,downloaded_or_resumed
Binance Public Data,checksum,BTCUSDT,2023-11,https://data.binance.vision/data/spot/monthly/klines/BTCUSDT/1h/BTCUSDT-1h-2023-11.zip.CHECKSUM,data/raw/full_import/binance/spot/monthly/klines/BTCUSDT/1h/BTCUSDT-1h-2023-11.zip.CHECKSUM,2026-08-01T05:17:33+00:00,88,ec0c2570dc1aebf4cefa44516c1eb48d008ee526699e88ebe12447420bab05ec,,4f550d182d529839dd9cfc28ef0ecca8cd8003e991067e92a2af5b9e92762f49,True,downloaded_or_resumed
Binance Public Data,archive,BTCUSDT,2023-12,https://data.binance.vision/data/spot/monthly/klines/BTCUSDT/1h/BTCUSDT-1h-2023-12.zip,data/raw/full_import/binance/spot/monthly/klines/BTCUSDT/1h/BTCUSDT-1h-2023-12.zip,2026-08-01T05:17:34+00:00,43309,6117d93e3eb6574df6b0087a45cf12e171afe91789b523b0bfcce00d8f1b6e37,,6117d93e3eb6574df6b0087a45cf12e171afe91789b523b0bfcce00d8f1b6e37,True,downloaded_or_resumed
Binance Public Data,checksum,BTCUSDT,2023-12,https://data.binance.vision/data/spot/monthly/klines/BTCUSDT/1h/BTCUSDT-1h-2023-12.zip.CHECKSUM,data/raw/full_import/binance/spot/monthly/klines/BTCUSDT/1h/BTCUSDT-1h-2023-12.zip.CHECKSUM,2026-08-01T05:17:34+00:00,88,4696ac76a5c633474c9ade84ed7278ff9350356839b785bec6cfd17fadd6020e,,6117d93e3eb6574df6b0087a45cf12e171afe91789b523b0bfcce00d8f1b6e37,True,downloaded_or_resumed
Binance Public Data,archive,BTCUSDT,2024-01,https://data.binance.vision/data/spot/monthly/klines/BTCUSDT/1h/BTCUSDT-1h-2024-01.zip,data/raw/full_import/binance/spot/monthly/klines/BTCUSDT/1h/BTCUSDT-1h-2024-01.zip,2026-08-01T05:17:36+00:00,43482,cf873a185bd5b24b8e00034e49583fcb49928e0c3a45c6fc27a632a683655417,,cf873a185bd5b24b8e00034e49583fcb49928e0c3a45c6fc27a632a683655417,True,downloaded_or_resumed
Binance Public Data,checksum,BTCUSDT,2024-01,https://data.binance.vision/data/spot/monthly/klines/BTCUSDT/1h/BTCUSDT-1h-2024-01.zip.CHECKSUM,data/raw/full_import/binance/spot/monthly/klines/BTCUSDT/1h/BTCUSDT-1h-2024-01.zip.CHECKSUM,2026-08-01T05:17:36+00:00,88,2a3a18a6694096a33a7ebf3342e10b1b0a13adbae2e6f63f2fc5de01f3766988,,cf873a185bd5b24b8e00034e49583fcb49928e0c3a45c6fc27a632a683655417,True,downloaded_or_resumed
Binance Public Data,archive,BTCUSDT,2024-02,https://data.binance.vision/data/spot/monthly/klines/BTCUSDT/1h/BTCUSDT-1h-2024-02.zip,data/raw/full_import/binance/spot/monthly/klines/BTCUSDT/1h/BTCUSDT-1h-2024-02.zip,2026-08-01T05:17:37+00:00,40711,b83aa7319ef1d4baa7b923c0fe802b88dfaf241c7456af295f1f656a24379b33,,b83aa7319ef1d4baa7b923c0fe802b88dfaf241c7456af295f1f656a24379b33,True,downloaded_or_resumed
Binance Public Data,checksum,BTCUSDT,2024-02,https://data.binance.vision/data/spot/monthly/klines/BTCUSDT/1h/BTCUSDT-1h-2024-02.zip.CHECKSUM,data/raw/full_import/binance/spot/monthly/klines/BTCUSDT/1h/BTCUSDT-1h-2024-02.zip.CHECKSUM,2026-08-01T05:17:37+00:00,88,8ab74a1cb6a22ec4d0a518794240506cc669eb9d48172d2b28dfcbd466090ab0,,b83aa7319ef1d4baa7b923c0fe802b88dfaf241c7456af295f1f656a24379b33,True,downloaded_or_resumed
Binance Public Data,archive,BTCUSDT,2024-03,https://data.binance.vision/data/spot/monthly/klines/BTCUSDT/1h/BTCUSDT-1h-2024-03.zip,data/raw/full_import/binance/spot/monthly/klines/BTCUSDT/1h/BTCUSDT-1h-2024-03.zip,2026-08-01T05:17:39+00:00,44044,b0851daf609d6ab82fdf8f1d1c4fbd974bc1b4e6530a832067516ac1c2be63a6,,b0851daf609d6ab82fdf8f1d1c4fbd974bc1b4e6530a832067516ac1c2be63a6,True,downloaded_or_resumed
Binance Public Data,checksum,BTCUSDT,2024-03,https://data.binance.vision/data/spot/monthly/klines/BTCUSDT/1h/BTCUSDT-1h-2024-03.zip.CHECKSUM,data/raw/full_import/binance/spot/monthly/klines/BTCUSDT/1h/BTCUSDT-1h-2024-03.zip.CHECKSUM,2026-08-01T05:17:39+00:00,88,c6787e3607bd438aa1eec4a31a5b80fc70c83acb39513446f10ccea756cd6de8,,b0851daf609d6ab82fdf8f1d1c4fbd974bc1b4e6530a832067516ac1c2be63a6,True,downloaded_or_resumed
Binance Public Data,archive,BTCUSDT,2024-04,https://data.binance.vision/data/spot/monthly/klines/BTCUSDT/1h/BTCUSDT-1h-2024-04.zip,data/raw/full_import/binance/spot/monthly/klines/BTCUSDT/1h/BTCUSDT-1h-2024-04.zip,2026-08-01T05:17:41+00:00,42474,e266707ad2ea3cd4680bf1ac5025f0c1bfeb38e703374a91f8dc193d1ec8d48f,,e266707ad2ea3cd4680bf1ac5025f0c1bfeb38e703374a91f8dc193d1ec8d48f,True,downloaded_or_resumed
Binance Public Data,checksum,BTCUSDT,2024-04,https://data.binance.vision/data/spot/monthly/klines/BTCUSDT/1h/BTCUSDT-1h-2024-04.zip.CHECKSUM,data/raw/full_import/binance/spot/monthly/klines/BTCUSDT/1h/BTCUSDT-1h-2024-04.zip.CHECKSUM,2026-08-01T05:17:41+00:00,88,1dc85d5c39b410d7c9c460f97ccbfb43a95dced22931b96e78d8f2957ec3a724,,e266707ad2ea3cd4680bf1ac5025f0c1bfeb38e703374a91f8dc193d1ec8d48f,True,downloaded_or_resumed
Binance Public Data,archive,BTCUSDT,2024-05,https://data.binance.vision/data/spot/monthly/klines/BTCUSDT/1h/BTCUSDT-1h-2024-05.zip,data/raw/full_import/binance/spot/monthly/klines/BTCUSDT/1h/BTCUSDT-1h-2024-05.zip,2026-08-01T05:17:44+00:00,43425,077c71eec71a8ecf2edb6e3a3927b600b8f358fd37066ce120c19fb5302a9ab8,,077c71eec71a8ecf2edb6e3a3927b600b8f358fd37066ce120c19fb5302a9ab8,True,downloaded_or_resumed
Binance Public Data,checksum,BTCUSDT,2024-05,https://data.binance.vision/data/spot/monthly/klines/BTCUSDT/1h/BTCUSDT-1h-2024-05.zip.CHECKSUM,data/raw/full_import/binance/spot/monthly/klines/BTCUSDT/1h/BTCUSDT-1h-2024-05.zip.CHECKSUM,2026-08-01T05:17:44+00:00,88,1a0549018eedb8fefa3d53acd66a9c62427467453d23575d828e42808e35dcde,,077c71eec71a8ecf2edb6e3a3927b600b8f358fd37066ce120c19fb5302a9ab8,True,downloaded_or_resumed
Binance Public Data,archive,BTCUSDT,2024-06,https://data.binance.vision/data/spot/monthly/klines/BTCUSDT/1h/BTCUSDT-1h-2024-06.zip,data/raw/full_import/binance/spot/monthly/klines/BTCUSDT/1h/BTCUSDT-1h-2024-06.zip,2026-08-01T05:17:46+00:00,41535,2e1f968fa34b9feabfb19cc6eec47a146e20d64a706f4b17d0babf4d2f475c39,,2e1f968fa34b9feabfb19cc6eec47a146e20d64a706f4b17d0babf4d2f475c39,True,downloaded_or_resumed
Binance Public Data,checksum,BTCUSDT,2024-06,https://data.binance.vision/data/spot/monthly/klines/BTCUSDT/1h/BTCUSDT-1h-2024-06.zip.CHECKSUM,data/raw/full_import/binance/spot/monthly/klines/BTCUSDT/1h/BTCUSDT-1h-2024-06.zip.CHECKSUM,2026-08-01T05:17:46+00:00,88,1194faad01b23f7873b79cbdabebb6131653c61ebe5e7491aa5c525740396c00,,2e1f968fa34b9feabfb19cc6eec47a146e20d64a706f4b17d0babf4d2f475c39,True,downloaded_or_resumed
Binance Public Data,archive,BTCUSDT,2024-07,https://data.binance.vision/data/spot/monthly/klines/BTCUSDT/1h/BTCUSDT-1h-2024-07.zip,data/raw/full_import/binance/spot/monthly/klines/BTCUSDT/1h/BTCUSDT-1h-2024-07.zip,2026-08-01T05:17:47+00:00,43162,41fd58a70ae40bebb74682555cc5054709f8dde0f5c8193ae2103dac95274e5f,,41fd58a70ae40bebb74682555cc5054709f8dde0f5c8193ae2103dac95274e5f,True,downloaded_or_resumed
Binance Public Data,checksum,BTCUSDT,2024-07,https://data.binance.vision/data/spot/monthly/klines/BTCUSDT/1h/BTCUSDT-1h-2024-07.zip.CHECKSUM,data/raw/full_import/binance/spot/monthly/klines/BTCUSDT/1h/BTCUSDT-1h-2024-07.zip.CHECKSUM,2026-08-01T05:17:47+00:00,88,737ae2ccb2e0550c624480c68d99ee75cdd8372e4ce47fd45e5b9cb48e55178b,,41fd58a70ae40bebb74682555cc5054709f8dde0f5c8193ae2103dac95274e5f,True,downloaded_or_resumed
Binance Public Data,archive,BTCUSDT,2024-08,https://data.binance.vision/data/spot/monthly/klines/BTCUSDT/1h/BTCUSDT-1h-2024-08.zip,data/raw/full_import/binance/spot/monthly/klines/BTCUSDT/1h/BTCUSDT-1h-2024-08.zip,2026-08-01T05:17:49+00:00,43406,88521a975ee7bfdd21f891d81f4243a01b90b977cf525d11747e27c66e3bad60,,88521a975ee7bfdd21f891d81f4243a01b90b977cf525d11747e27c66e3bad60,True,downloaded_or_resumed
Binance Public Data,checksum,BTCUSDT,2024-08,https://data.binance.vision/data/spot/monthly/klines/BTCUSDT/1h/BTCUSDT-1h-2024-08.zip.CHECKSUM,data/raw/full_import/binance/spot/monthly/klines/BTCUSDT/1h/BTCUSDT-1h-2024-08.zip.CHECKSUM,2026-08-01T05:17:49+00:00,88,36eb2120ec821f4a47a48703cc58120ff4583ec8b7e32cee399deb3c94113a15,,88521a975ee7bfdd21f891d81f4243a01b90b977cf525d11747e27c66e3bad60,True,downloaded_or_resumed
Binance Public Data,archive,BTCUSDT,2024-09,https://data.binance.vision/data/spot/monthly/klines/BTCUSDT/1h/BTCUSDT-1h-2024-09.zip,data/raw/full_import/binance/spot/monthly/klines/BTCUSDT/1h/BTCUSDT-1h-2024-09.zip,2026-08-01T05:17:50+00:00,41468,123f402c6dbf19b9b72b4af7ad4d5325c73ba4833148cc398b803d7a34ac5c5f,,123f402c6dbf19b9b72b4af7ad4d5325c73ba4833148cc398b803d7a34ac5c5f,True,downloaded_or_resumed
Binance Public Data,checksum,BTCUSDT,2024-09,https://data.binance.vision/data/spot/monthly/klines/BTCUSDT/1h/BTCUSDT-1h-2024-09.zip.CHECKSUM,data/raw/full_import/binance/spot/monthly/klines/BTCUSDT/1h/BTCUSDT-1h-2024-09.zip.CHECKSUM,2026-08-01T05:17:50+00:00,88,e839bd692a8777d211dc0ea0cad03e7a69e50d167d6b052cb6b12c33d0412de2,,123f402c6dbf19b9b72b4af7ad4d5325c73ba4833148cc398b803d7a34ac5c5f,True,downloaded_or_resumed
Binance Public Data,archive,BTCUSDT,2024-10,https://data.binance.vision/data/spot/monthly/klines/BTCUSDT/1h/BTCUSDT-1h-2024-10.zip,data/raw/full_import/binance/spot/monthly/klines/BTCUSDT/1h/BTCUSDT-1h-2024-10.zip,2026-08-01T05:17:52+00:00,42989,393b18ad2634f0cd3b2fd54321c8286ea143419cf3129b4cc44e089681912b03,,393b18ad2634f0cd3b2fd54321c8286ea143419cf3129b4cc44e089681912b03,True,downloaded_or_resumed
Binance Public Data,checksum,BTCUSDT,2024-10,https://data.binance.vision/data/spot/monthly/klines/BTCUSDT/1h/BTCUSDT-1h-2024-10.zip.CHECKSUM,data/raw/full_import/binance/spot/monthly/klines/BTCUSDT/1h/BTCUSDT-1h-2024-10.zip.CHECKSUM,2026-08-01T05:17:52+00:00,88,ecd7116252901caee8893a4a1f2c0644a0a8ad97f0ca9177be1df4928f4278e4,,393b18ad2634f0cd3b2fd54321c8286ea143419cf3129b4cc44e089681912b03,True,downloaded_or_resumed
Binance Public Data,archive,BTCUSDT,2024-11,https://data.binance.vision/data/spot/monthly/klines/BTCUSDT/1h/BTCUSDT-1h-2024-11.zip,data/raw/full_import/binance/spot/monthly/klines/BTCUSDT/1h/BTCUSDT-1h-2024-11.zip,2026-08-01T05:17:54+00:00,42752,7a51fe8811c754ff43a2be0ba10e53a6d4218521e27ac765fbc9a1ca0fc15bac,,7a51fe8811c754ff43a2be0ba10e53a6d4218521e27ac765fbc9a1ca0fc15bac,True,downloaded_or_resumed
Binance Public Data,checksum,BTCUSDT,2024-11,https://data.binance.vision/data/spot/monthly/klines/BTCUSDT/1h/BTCUSDT-1h-2024-11.zip.CHECKSUM,data/raw/full_import/binance/spot/monthly/klines/BTCUSDT/1h/BTCUSDT-1h-2024-11.zip.CHECKSUM,2026-08-01T05:17:54+00:00,88,7f82d1d069f2c23b7d548be4816a31813de95c8a102d4565ef6d5f5b185db7b9,,7a51fe8811c754ff43a2be0ba10e53a6d4218521e27ac765fbc9a1ca0fc15bac,True,downloaded_or_resumed
Binance Public Data,archive,BTCUSDT,2024-12,https://data.binance.vision/data/spot/monthly/klines/BTCUSDT/1h/BTCUSDT-1h-2024-12.zip,data/raw/full_import/binance/spot/monthly/klines/BTCUSDT/1h/BTCUSDT-1h-2024-12.zip,2026-08-01T05:17:56+00:00,44271,dfec812f73a84257b195cbdaed34d020fa77e845625c061c13bd6a60e7ef9372,,dfec812f73a84257b195cbdaed34d020fa77e845625c061c13bd6a60e7ef9372,True,downloaded_or_resumed
Binance Public Data,checksum,BTCUSDT,2024-12,https://data.binance.vision/data/spot/monthly/klines/BTCUSDT/1h/BTCUSDT-1h-2024-12.zip.CHECKSUM,data/raw/full_import/binance/spot/monthly/klines/BTCUSDT/1h/BTCUSDT-1h-2024-12.zip.CHECKSUM,2026-08-01T05:17:56+00:00,88,b8ed8ba0d52a240ed5bd2ffe49f1d7671b8a59210096b4b1c9c74ddeabe29417,,dfec812f73a84257b195cbdaed34d020fa77e845625c061c13bd6a60e7ef9372,True,downloaded_or_resumed
Binance Public Data,archive,BTCUSDT,2025-01,https://data.binance.vision/data/spot/monthly/klines/BTCUSDT/1h/BTCUSDT-1h-2025-01.zip,data/raw/full_import/binance/spot/monthly/klines/BTCUSDT/1h/BTCUSDT-1h-2025-01.zip,2026-08-01T05:17:57+00:00,44655,e7f2aaa5396a8062a57ab29ce9fab2d76b2c84ec58815d4ab7b3fe16f78c7118,,e7f2aaa5396a8062a57ab29ce9fab2d76b2c84ec58815d4ab7b3fe16f78c7118,True,downloaded_or_resumed
Binance Public Data,checksum,BTCUSDT,2025-01,https://data.binance.vision/data/spot/monthly/klines/BTCUSDT/1h/BTCUSDT-1h-2025-01.zip.CHECKSUM,data/raw/full_import/binance/spot/monthly/klines/BTCUSDT/1h/BTCUSDT-1h-2025-01.zip.CHECKSUM,2026-08-01T05:17:57+00:00,88,271a45ec61a89a526c1ddf6f9f90e4fd61a974a24bf3faea1354ffb061dc3702,,e7f2aaa5396a8062a57ab29ce9fab2d76b2c84ec58815d4ab7b3fe16f78c7118,True,downloaded_or_resumed
Binance Public Data,archive,BTCUSDT,2025-02,https://data.binance.vision/data/spot/monthly/klines/BTCUSDT/1h/BTCUSDT-1h-2025-02.zip,data/raw/full_import/binance/spot/monthly/klines/BTCUSDT/1h/BTCUSDT-1h-2025-02.zip,2026-08-01T05:17:59+00:00,40203,7420f55c93f61d7e734fc9d2507c7f2fcb5eaf48112277cecd241d4e1dbf3bd5,,7420f55c93f61d7e734fc9d2507c7f2fcb5eaf48112277cecd241d4e1dbf3bd5,True,downloaded_or_resumed
Binance Public Data,checksum,BTCUSDT,2025-02,https://data.binance.vision/data/spot/monthly/klines/BTCUSDT/1h/BTCUSDT-1h-2025-02.zip.CHECKSUM,data/raw/full_import/binance/spot/monthly/klines/BTCUSDT/1h/BTCUSDT-1h-2025-02.zip.CHECKSUM,2026-08-01T05:17:59+00:00,88,39aad157be4a3418c1ad7c9b5c088822a4d05d0a4a17a5dde6814565ecceb6a6,,7420f55c93f61d7e734fc9d2507c7f2fcb5eaf48112277cecd241d4e1dbf3bd5,True,downloaded_or_resumed
Binance Public Data,archive,BTCUSDT,2025-03,https://data.binance.vision/data/spot/monthly/klines/BTCUSDT/1h/BTCUSDT-1h-2025-03.zip,data/raw/full_import/binance/spot/monthly/klines/BTCUSDT/1h/BTCUSDT-1h-2025-03.zip,2026-08-01T05:18:01+00:00,44468,b5ae8bb57e5e526c2050c9f8229b723871a5af47d80c53453abf61847a5f3aa6,,b5ae8bb57e5e526c2050c9f8229b723871a5af47d80c53453abf61847a5f3aa6,True,downloaded_or_resumed
Binance Public Data,checksum,BTCUSDT,2025-03,https://data.binance.vision/data/spot/monthly/klines/BTCUSDT/1h/BTCUSDT-1h-2025-03.zip.CHECKSUM,data/raw/full_import/binance/spot/monthly/klines/BTCUSDT/1h/BTCUSDT-1h-2025-03.zip.CHECKSUM,2026-08-01T05:18:01+00:00,88,d6c8fff7d5ea4765feb729d0113cfd5824627c2a75673f9df0117265211270b2,,b5ae8bb57e5e526c2050c9f8229b723871a5af47d80c53453abf61847a5f3aa6,True,downloaded_or_resumed
Binance Public Data,archive,BTCUSDT,2025-04,https://data.binance.vision/data/spot/monthly/klines/BTCUSDT/1h/BTCUSDT-1h-2025-04.zip,data/raw/full_import/binance/spot/monthly/klines/BTCUSDT/1h/BTCUSDT-1h-2025-04.zip,2026-08-01T05:18:04+00:00,42741,bbec48ed5f7b603bbceff943ad0dccd3c29cae6d14161bcd2eabc9f762ff0a35,,bbec48ed5f7b603bbceff943ad0dccd3c29cae6d14161bcd2eabc9f762ff0a35,True,downloaded_or_resumed
Binance Public Data,checksum,BTCUSDT,2025-04,https://data.binance.vision/data/spot/monthly/klines/BTCUSDT/1h/BTCUSDT-1h-2025-04.zip.CHECKSUM,data/raw/full_import/binance/spot/monthly/klines/BTCUSDT/1h/BTCUSDT-1h-2025-04.zip.CHECKSUM,2026-08-01T05:18:04+00:00,88,449ce4ac55a096f73b8e86f6d78d7f528b14cc99ac492e48d07eed883dfa26c8,,bbec48ed5f7b603bbceff943ad0dccd3c29cae6d14161bcd2eabc9f762ff0a35,True,downloaded_or_resumed
Binance Public Data,archive,BTCUSDT,2025-05,https://data.binance.vision/data/spot/monthly/klines/BTCUSDT/1h/BTCUSDT-1h-2025-05.zip,data/raw/full_import/binance/spot/monthly/klines/BTCUSDT/1h/BTCUSDT-1h-2025-05.zip,2026-08-01T05:18:05+00:00,44381,da6213bf4c57ea60faed3ef1f6a0ecb87f22ca7a3a67614604cf44d2d6b265fe,,da6213bf4c57ea60faed3ef1f6a0ecb87f22ca7a3a67614604cf44d2d6b265fe,True,downloaded_or_resumed
Binance Public Data,checksum,BTCUSDT,2025-05,https://data.binance.vision/data/spot/monthly/klines/BTCUSDT/1h/BTCUSDT-1h-2025-05.zip.CHECKSUM,data/raw/full_import/binance/spot/monthly/klines/BTCUSDT/1h/BTCUSDT-1h-2025-05.zip.CHECKSUM,2026-08-01T05:18:05+00:00,88,e4c568e6fd8c87c044dec0525cf7fc2c8a8b7ddcf757de430befe451ebb6aab7,,da6213bf4c57ea60faed3ef1f6a0ecb87f22ca7a3a67614604cf44d2d6b265fe,True,downloaded_or_resumed
Binance Public Data,archive,BTCUSDT,2025-06,https://data.binance.vision/data/spot/monthly/klines/BTCUSDT/1h/BTCUSDT-1h-2025-06.zip,data/raw/full_import/binance/spot/monthly/klines/BTCUSDT/1h/BTCUSDT-1h-2025-06.zip,2026-08-01T05:18:07+00:00,42662,d0760943538f48032dd066401e53f46bbf4868e6545929678e23bcdee032a5e8,,d0760943538f48032dd066401e53f46bbf4868e6545929678e23bcdee032a5e8,True,downloaded_or_resumed
Binance Public Data,checksum,BTCUSDT,2025-06,https://data.binance.vision/data/spot/monthly/klines/BTCUSDT/1h/BTCUSDT-1h-2025-06.zip.CHECKSUM,data/raw/full_import/binance/spot/monthly/klines/BTCUSDT/1h/BTCUSDT-1h-2025-06.zip.CHECKSUM,2026-08-01T05:18:07+00:00,88,73be3e3c02ba65b02589ce34b3c1943d6bc6cf0a8fdfa7fc346ece58123fc8cd,,d0760943538f48032dd066401e53f46bbf4868e6545929678e23bcdee032a5e8,True,downloaded_or_resumed
Binance Public Data,archive,BTCUSDT,2025-07,https://data.binance.vision/data/spot/monthly/klines/BTCUSDT/1h/BTCUSDT-1h-2025-07.zip,data/raw/full_import/binance/spot/monthly/klines/BTCUSDT/1h/BTCUSDT-1h-2025-07.zip,2026-08-01T05:18:10+00:00,43886,487738ee596380eaad32a2a93c75d17e1ebdd165a9b544c0e44be36079f5c02e,,487738ee596380eaad32a2a93c75d17e1ebdd165a9b544c0e44be36079f5c02e,True,downloaded_or_resumed
Binance Public Data,checksum,BTCUSDT,2025-07,https://data.binance.vision/data/spot/monthly/klines/BTCUSDT/1h/BTCUSDT-1h-2025-07.zip.CHECKSUM,data/raw/full_import/binance/spot/monthly/klines/BTCUSDT/1h/BTCUSDT-1h-2025-07.zip.CHECKSUM,2026-08-01T05:18:10+00:00,88,b60ef25c982a2f2d1e2c011b0b47c5525b9476e812a34985ebf9d5c3c91bf641,,487738ee596380eaad32a2a93c75d17e1ebdd165a9b544c0e44be36079f5c02e,True,downloaded_or_resumed
Binance Public Data,archive,BTCUSDT,2025-08,https://data.binance.vision/data/spot/monthly/klines/BTCUSDT/1h/BTCUSDT-1h-2025-08.zip,data/raw/full_import/binance/spot/monthly/klines/BTCUSDT/1h/BTCUSDT-1h-2025-08.zip,2026-08-01T05:18:11+00:00,44104,a99ec5bac64333fb521b2ab1bac5e8387eede6413cc7841656a02be95613c64f,,a99ec5bac64333fb521b2ab1bac5e8387eede6413cc7841656a02be95613c64f,True,downloaded_or_resumed
Binance Public Data,checksum,BTCUSDT,2025-08,https://data.binance.vision/data/spot/monthly/klines/BTCUSDT/1h/BTCUSDT-1h-2025-08.zip.CHECKSUM,data/raw/full_import/binance/spot/monthly/klines/BTCUSDT/1h/BTCUSDT-1h-2025-08.zip.CHECKSUM,2026-08-01T05:18:11+00:00,88,963fc8c1e0033d9dbc9cbdc20c1b12dc947717c678c01731770b931ae8ab6d9a,,a99ec5bac64333fb521b2ab1bac5e8387eede6413cc7841656a02be95613c64f,True,downloaded_or_resumed
Binance Public Data,archive,BTCUSDT,2025-09,https://data.binance.vision/data/spot/monthly/klines/BTCUSDT/1h/BTCUSDT-1h-2025-09.zip,data/raw/full_import/binance/spot/monthly/klines/BTCUSDT/1h/BTCUSDT-1h-2025-09.zip,2026-08-01T05:18:13+00:00,42491,b0ad5b54097f6adb440d07204fd215dae9b224fb73569fd4309a55c9234d46b3,,b0ad5b54097f6adb440d07204fd215dae9b224fb73569fd4309a55c9234d46b3,True,downloaded_or_resumed
Binance Public Data,checksum,BTCUSDT,2025-09,https://data.binance.vision/data/spot/monthly/klines/BTCUSDT/1h/BTCUSDT-1h-2025-09.zip.CHECKSUM,data/raw/full_import/binance/spot/monthly/klines/BTCUSDT/1h/BTCUSDT-1h-2025-09.zip.CHECKSUM,2026-08-01T05:18:13+00:00,88,3ee2646a774511c2192567f0496dc1847f78217b17179cee81ae21bcd14b3c41,,b0ad5b54097f6adb440d07204fd215dae9b224fb73569fd4309a55c9234d46b3,True,downloaded_or_resumed
Binance Public Data,archive,BTCUSDT,2025-10,https://data.binance.vision/data/spot/monthly/klines/BTCUSDT/1h/BTCUSDT-1h-2025-10.zip,data/raw/full_import/binance/spot/monthly/klines/BTCUSDT/1h/BTCUSDT-1h-2025-10.zip,2026-08-01T05:18:15+00:00,44751,5426b1b48905963d50e11d1243910b5fa05a89c9a2003bcd5082561d352a2123,,5426b1b48905963d50e11d1243910b5fa05a89c9a2003bcd5082561d352a2123,True,downloaded_or_resumed
Binance Public Data,checksum,BTCUSDT,2025-10,https://data.binance.vision/data/spot/monthly/klines/BTCUSDT/1h/BTCUSDT-1h-2025-10.zip.CHECKSUM,data/raw/full_import/binance/spot/monthly/klines/BTCUSDT/1h/BTCUSDT-1h-2025-10.zip.CHECKSUM,2026-08-01T05:18:15+00:00,88,93370144894549ce1079b2f18c714661a26490e5eb3f570424cc6a21ee286bfb,,5426b1b48905963d50e11d1243910b5fa05a89c9a2003bcd5082561d352a2123,True,downloaded_or_resumed
Binance Public Data,archive,BTCUSDT,2025-11,https://data.binance.vision/data/spot/monthly/klines/BTCUSDT/1h/BTCUSDT-1h-2025-11.zip,data/raw/full_import/binance/spot/monthly/klines/BTCUSDT/1h/BTCUSDT-1h-2025-11.zip,2026-08-01T05:18:17+00:00,43273,1f28f02e33e1f19e5163cd45b67c07b3b75870e78dbbf9f861d1348ca372d942,,1f28f02e33e1f19e5163cd45b67c07b3b75870e78dbbf9f861d1348ca372d942,True,downloaded_or_resumed
Binance Public Data,checksum,BTCUSDT,2025-11,https://data.binance.vision/data/spot/monthly/klines/BTCUSDT/1h/BTCUSDT-1h-2025-11.zip.CHECKSUM,data/raw/full_import/binance/spot/monthly/klines/BTCUSDT/1h/BTCUSDT-1h-2025-11.zip.CHECKSUM,2026-08-01T05:18:17+00:00,88,be820b467aacdf04d50445fd5992cd2b7b63cee1a4f7e331ed2295eac2772951,,1f28f02e33e1f19e5163cd45b67c07b3b75870e78dbbf9f861d1348ca372d942,True,downloaded_or_resumed
Binance Public Data,archive,BTCUSDT,2025-12,https://data.binance.vision/data/spot/monthly/klines/BTCUSDT/1h/BTCUSDT-1h-2025-12.zip,data/raw/full_import/binance/spot/monthly/klines/BTCUSDT/1h/BTCUSDT-1h-2025-12.zip,2026-08-01T05:18:19+00:00,43894,d546c6e44b443e34cef5122043c5cdd3b9c76980e23cc408dafd9f6f76d65c05,,d546c6e44b443e34cef5122043c5cdd3b9c76980e23cc408dafd9f6f76d65c05,True,downloaded_or_resumed
Binance Public Data,checksum,BTCUSDT,2025-12,https://data.binance.vision/data/spot/monthly/klines/BTCUSDT/1h/BTCUSDT-1h-2025-12.zip.CHECKSUM,data/raw/full_import/binance/spot/monthly/klines/BTCUSDT/1h/BTCUSDT-1h-2025-12.zip.CHECKSUM,2026-08-01T05:18:19+00:00,88,971da81f7a1fc28c8db7b9818589108f206d4e04dc928451a62516b14c2652cd,,d546c6e44b443e34cef5122043c5cdd3b9c76980e23cc408dafd9f6f76d65c05,True,downloaded_or_resumed
Binance Public Data,archive,ETHUSDT,2021-01,https://data.binance.vision/data/spot/monthly/klines/ETHUSDT/1h/ETHUSDT-1h-2021-01.zip,data/raw/full_import/binance/spot/monthly/klines/ETHUSDT/1h/ETHUSDT-1h-2021-01.zip,2026-08-01T05:18:21+00:00,43823,01d6bb8175fb847a256ca1cc14dce06194a86c740d7edc951a5d2835aba9b577,,01d6bb8175fb847a256ca1cc14dce06194a86c740d7edc951a5d2835aba9b577,True,downloaded_or_resumed
Binance Public Data,checksum,ETHUSDT,2021-01,https://data.binance.vision/data/spot/monthly/klines/ETHUSDT/1h/ETHUSDT-1h-2021-01.zip.CHECKSUM,data/raw/full_import/binance/spot/monthly/klines/ETHUSDT/1h/ETHUSDT-1h-2021-01.zip.CHECKSUM,2026-08-01T05:18:21+00:00,88,bb29ccb070a2a8cf612f51680a0d73662dfd617b43c8c01672fc2d376bce2105,,01d6bb8175fb847a256ca1cc14dce06194a86c740d7edc951a5d2835aba9b577,True,downloaded_or_resumed
Binance Public Data,archive,ETHUSDT,2021-02,https://data.binance.vision/data/spot/monthly/klines/ETHUSDT/1h/ETHUSDT-1h-2021-02.zip,data/raw/full_import/binance/spot/monthly/klines/ETHUSDT/1h/ETHUSDT-1h-2021-02.zip,2026-08-01T05:18:23+00:00,39318,f2e871ec862f36045bfa06a05210832d6b772a101a62b18bc7acddf906083b44,,f2e871ec862f36045bfa06a05210832d6b772a101a62b18bc7acddf906083b44,True,downloaded_or_resumed
Binance Public Data,checksum,ETHUSDT,2021-02,https://data.binance.vision/data/spot/monthly/klines/ETHUSDT/1h/ETHUSDT-1h-2021-02.zip.CHECKSUM,data/raw/full_import/binance/spot/monthly/klines/ETHUSDT/1h/ETHUSDT-1h-2021-02.zip.CHECKSUM,2026-08-01T05:18:23+00:00,88,ab6f0dcffc1a02b773ca2b5d627db2bd3c9c5e86277f26d69dccae168c85b91d,,f2e871ec862f36045bfa06a05210832d6b772a101a62b18bc7acddf906083b44,True,downloaded_or_resumed
Binance Public Data,archive,ETHUSDT,2021-03,https://data.binance.vision/data/spot/monthly/klines/ETHUSDT/1h/ETHUSDT-1h-2021-03.zip,data/raw/full_import/binance/spot/monthly/klines/ETHUSDT/1h/ETHUSDT-1h-2021-03.zip,2026-08-01T05:18:25+00:00,43093,64d15bc69f1788ccfa775cea47bf2f614a2ccb4eccf66257f512c8cd99d497ad,,64d15bc69f1788ccfa775cea47bf2f614a2ccb4eccf66257f512c8cd99d497ad,True,downloaded_or_resumed
Binance Public Data,checksum,ETHUSDT,2021-03,https://data.binance.vision/data/spot/monthly/klines/ETHUSDT/1h/ETHUSDT-1h-2021-03.zip.CHECKSUM,data/raw/full_import/binance/spot/monthly/klines/ETHUSDT/1h/ETHUSDT-1h-2021-03.zip.CHECKSUM,2026-08-01T05:18:25+00:00,88,ddb512a6eea83fc2c087df46b290cf153ae532d4a3155f376bf4d8c0bee1e2e9,,64d15bc69f1788ccfa775cea47bf2f614a2ccb4eccf66257f512c8cd99d497ad,True,downloaded_or_resumed
Binance Public Data,archive,ETHUSDT,2021-04,https://data.binance.vision/data/spot/monthly/klines/ETHUSDT/1h/ETHUSDT-1h-2021-04.zip,data/raw/full_import/binance/spot/monthly/klines/ETHUSDT/1h/ETHUSDT-1h-2021-04.zip,2026-08-01T05:18:26+00:00,41907,299b928009158743a92860a66c75ba898243ecbdfa8ef9b346c0a7fd553bcbff,,299b928009158743a92860a66c75ba898243ecbdfa8ef9b346c0a7fd553bcbff,True,downloaded_or_resumed
Binance Public Data,checksum,ETHUSDT,2021-04,https://data.binance.vision/data/spot/monthly/klines/ETHUSDT/1h/ETHUSDT-1h-2021-04.zip.CHECKSUM,data/raw/full_import/binance/spot/monthly/klines/ETHUSDT/1h/ETHUSDT-1h-2021-04.zip.CHECKSUM,2026-08-01T05:18:26+00:00,88,60063c5e521103101db787733af335db7f9f9a8a45c86bc11f4447ae7c38163d,,299b928009158743a92860a66c75ba898243ecbdfa8ef9b346c0a7fd553bcbff,True,downloaded_or_resumed
Binance Public Data,archive,ETHUSDT,2021-05,https://data.binance.vision/data/spot/monthly/klines/ETHUSDT/1h/ETHUSDT-1h-2021-05.zip,data/raw/full_import/binance/spot/monthly/klines/ETHUSDT/1h/ETHUSDT-1h-2021-05.zip,2026-08-01T05:18:27+00:00,44688,56707e7dbceacc194a6ecd31ea2b2a75a5c5f428182e63055217188c7e47c89d,,56707e7dbceacc194a6ecd31ea2b2a75a5c5f428182e63055217188c7e47c89d,True,downloaded_or_resumed
Binance Public Data,checksum,ETHUSDT,2021-05,https://data.binance.vision/data/spot/monthly/klines/ETHUSDT/1h/ETHUSDT-1h-2021-05.zip.CHECKSUM,data/raw/full_import/binance/spot/monthly/klines/ETHUSDT/1h/ETHUSDT-1h-2021-05.zip.CHECKSUM,2026-08-01T05:18:27+00:00,88,7c1beff4e4e84e2eeaf1e0cdd4349549d1f245938444eae75868457dfb2b252c,,56707e7dbceacc194a6ecd31ea2b2a75a5c5f428182e63055217188c7e47c89d,True,downloaded_or_resumed
Binance Public Data,archive,ETHUSDT,2021-06,https://data.binance.vision/data/spot/monthly/klines/ETHUSDT/1h/ETHUSDT-1h-2021-06.zip,data/raw/full_import/binance/spot/monthly/klines/ETHUSDT/1h/ETHUSDT-1h-2021-06.zip,2026-08-01T05:18:30+00:00,42407,e5244f5f095543d47d24a617c67292cf5daf95cc403407f5fff2fbd394580512,,e5244f5f095543d47d24a617c67292cf5daf95cc403407f5fff2fbd394580512,True,downloaded_or_resumed
Binance Public Data,checksum,ETHUSDT,2021-06,https://data.binance.vision/data/spot/monthly/klines/ETHUSDT/1h/ETHUSDT-1h-2021-06.zip.CHECKSUM,data/raw/full_import/binance/spot/monthly/klines/ETHUSDT/1h/ETHUSDT-1h-2021-06.zip.CHECKSUM,2026-08-01T05:18:30+00:00,88,1d9b7b05af370009770059051368af932b30671102b868139d0f5a829538d4ef,,e5244f5f095543d47d24a617c67292cf5daf95cc403407f5fff2fbd394580512,True,downloaded_or_resumed
Binance Public Data,archive,ETHUSDT,2021-07,https://data.binance.vision/data/spot/monthly/klines/ETHUSDT/1h/ETHUSDT-1h-2021-07.zip,data/raw/full_import/binance/spot/monthly/klines/ETHUSDT/1h/ETHUSDT-1h-2021-07.zip,2026-08-01T05:18:31+00:00,43318,7048eb9eec2a091a3550f16870b93165eb21885ba6e217dac28682aebf248241,,7048eb9eec2a091a3550f16870b93165eb21885ba6e217dac28682aebf248241,True,downloaded_or_resumed
Binance Public Data,checksum,ETHUSDT,2021-07,https://data.binance.vision/data/spot/monthly/klines/ETHUSDT/1h/ETHUSDT-1h-2021-07.zip.CHECKSUM,data/raw/full_import/binance/spot/monthly/klines/ETHUSDT/1h/ETHUSDT-1h-2021-07.zip.CHECKSUM,2026-08-01T05:18:31+00:00,88,1ddc83d703447a00c3ef666bdac2159fa3635b7d38997b9986cb13f440db7e1b,,7048eb9eec2a091a3550f16870b93165eb21885ba6e217dac28682aebf248241,True,downloaded_or_resumed
Binance Public Data,archive,ETHUSDT,2021-08,https://data.binance.vision/data/spot/monthly/klines/ETHUSDT/1h/ETHUSDT-1h-2021-08.zip,data/raw/full_import/binance/spot/monthly/klines/ETHUSDT/1h/ETHUSDT-1h-2021-08.zip,2026-08-01T05:18:33+00:00,43105,9e390848fe76625e72b8f4eac86d405ed33c79ca9d79d9af14266c54d9d215af,,9e390848fe76625e72b8f4eac86d405ed33c79ca9d79d9af14266c54d9d215af,True,downloaded_or_resumed
Binance Public Data,checksum,ETHUSDT,2021-08,https://data.binance.vision/data/spot/monthly/klines/ETHUSDT/1h/ETHUSDT-1h-2021-08.zip.CHECKSUM,data/raw/full_import/binance/spot/monthly/klines/ETHUSDT/1h/ETHUSDT-1h-2021-08.zip.CHECKSUM,2026-08-01T05:18:33+00:00,88,1a96660a7e68413c5c00a5647311ec2ecc2be094fffae13f856d7062e7e4b19c,,9e390848fe76625e72b8f4eac86d405ed33c79ca9d79d9af14266c54d9d215af,True,downloaded_or_resumed
Binance Public Data,archive,ETHUSDT,2021-09,https://data.binance.vision/data/spot/monthly/klines/ETHUSDT/1h/ETHUSDT-1h-2021-09.zip,data/raw/full_import/binance/spot/monthly/klines/ETHUSDT/1h/ETHUSDT-1h-2021-09.zip,2026-08-01T05:18:34+00:00,40803,c10a61248a5c92280e35beadcfdf33220fdc0561ab1973893a4fe5a3335d3b78,,c10a61248a5c92280e35beadcfdf33220fdc0561ab1973893a4fe5a3335d3b78,True,downloaded_or_resumed
Binance Public Data,checksum,ETHUSDT,2021-09,https://data.binance.vision/data/spot/monthly/klines/ETHUSDT/1h/ETHUSDT-1h-2021-09.zip.CHECKSUM,data/raw/full_import/binance/spot/monthly/klines/ETHUSDT/1h/ETHUSDT-1h-2021-09.zip.CHECKSUM,2026-08-01T05:18:34+00:00,88,dababa47bec7ca41cef5fa806508a1ef55e4aa31002b7742a3722d9af6fe6f35,,c10a61248a5c92280e35beadcfdf33220fdc0561ab1973893a4fe5a3335d3b78,True,downloaded_or_resumed
Binance Public Data,archive,ETHUSDT,2021-10,https://data.binance.vision/data/spot/monthly/klines/ETHUSDT/1h/ETHUSDT-1h-2021-10.zip,data/raw/full_import/binance/spot/monthly/klines/ETHUSDT/1h/ETHUSDT-1h-2021-10.zip,2026-08-01T05:18:35+00:00,42076,332cdaac0de88dd2452c0ed2561f86e99ebba6f89d9db69b35aa9f52acafe805,,332cdaac0de88dd2452c0ed2561f86e99ebba6f89d9db69b35aa9f52acafe805,True,downloaded_or_resumed
Binance Public Data,checksum,ETHUSDT,2021-10,https://data.binance.vision/data/spot/monthly/klines/ETHUSDT/1h/ETHUSDT-1h-2021-10.zip.CHECKSUM,data/raw/full_import/binance/spot/monthly/klines/ETHUSDT/1h/ETHUSDT-1h-2021-10.zip.CHECKSUM,2026-08-01T05:18:35+00:00,88,9f6c43f1676319b87b4a96a8d2ba94f65d2c83674e5f52034f6a2cc36d79a83c,,332cdaac0de88dd2452c0ed2561f86e99ebba6f89d9db69b35aa9f52acafe805,True,downloaded_or_resumed
Binance Public Data,archive,ETHUSDT,2021-11,https://data.binance.vision/data/spot/monthly/klines/ETHUSDT/1h/ETHUSDT-1h-2021-11.zip,data/raw/full_import/binance/spot/monthly/klines/ETHUSDT/1h/ETHUSDT-1h-2021-11.zip,2026-08-01T05:18:37+00:00,40833,fc8093a34678bd6ce4436c411127a69f245b2d5cfa6208aee67ffda504a70664,,fc8093a34678bd6ce4436c411127a69f245b2d5cfa6208aee67ffda504a70664,True,downloaded_or_resumed
Binance Public Data,checksum,ETHUSDT,2021-11,https://data.binance.vision/data/spot/monthly/klines/ETHUSDT/1h/ETHUSDT-1h-2021-11.zip.CHECKSUM,data/raw/full_import/binance/spot/monthly/klines/ETHUSDT/1h/ETHUSDT-1h-2021-11.zip.CHECKSUM,2026-08-01T05:18:37+00:00,88,807948c7d8a36f86aacbff5d518f2eecc98a93884cc1f1d136ba9bd792ad9d25,,fc8093a34678bd6ce4436c411127a69f245b2d5cfa6208aee67ffda504a70664,True,downloaded_or_resumed
Binance Public Data,archive,ETHUSDT,2021-12,https://data.binance.vision/data/spot/monthly/klines/ETHUSDT/1h/ETHUSDT-1h-2021-12.zip,data/raw/full_import/binance/spot/monthly/klines/ETHUSDT/1h/ETHUSDT-1h-2021-12.zip,2026-08-01T05:18:39+00:00,41944,7cec67435b94112e7d1a8ec45b4d0167735102d12cb8649699aedf5018b09a80,,7cec67435b94112e7d1a8ec45b4d0167735102d12cb8649699aedf5018b09a80,True,downloaded_or_resumed
Binance Public Data,checksum,ETHUSDT,2021-12,https://data.binance.vision/data/spot/monthly/klines/ETHUSDT/1h/ETHUSDT-1h-2021-12.zip.CHECKSUM,data/raw/full_import/binance/spot/monthly/klines/ETHUSDT/1h/ETHUSDT-1h-2021-12.zip.CHECKSUM,2026-08-01T05:18:39+00:00,88,15e3cc1dc2f4a636529ddea71d4affe8cee9612f843891231152329791679b59,,7cec67435b94112e7d1a8ec45b4d0167735102d12cb8649699aedf5018b09a80,True,downloaded_or_resumed
Binance Public Data,archive,ETHUSDT,2022-01,https://data.binance.vision/data/spot/monthly/klines/ETHUSDT/1h/ETHUSDT-1h-2022-01.zip,data/raw/full_import/binance/spot/monthly/klines/ETHUSDT/1h/ETHUSDT-1h-2022-01.zip,2026-08-01T05:18:41+00:00,41862,14a3875732b7e404be2522aec94b5f17fc43f81e77c0a68fdd72980ea644ef5a,,14a3875732b7e404be2522aec94b5f17fc43f81e77c0a68fdd72980ea644ef5a,True,downloaded_or_resumed
Binance Public Data,checksum,ETHUSDT,2022-01,https://data.binance.vision/data/spot/monthly/klines/ETHUSDT/1h/ETHUSDT-1h-2022-01.zip.CHECKSUM,data/raw/full_import/binance/spot/monthly/klines/ETHUSDT/1h/ETHUSDT-1h-2022-01.zip.CHECKSUM,2026-08-01T05:18:41+00:00,88,d28ea271606b46b510b8bf8f3f76713697f9fb7feddef0f22ba34e50b107a998,,14a3875732b7e404be2522aec94b5f17fc43f81e77c0a68fdd72980ea644ef5a,True,downloaded_or_resumed
Binance Public Data,archive,ETHUSDT,2022-02,https://data.binance.vision/data/spot/monthly/klines/ETHUSDT/1h/ETHUSDT-1h-2022-02.zip,data/raw/full_import/binance/spot/monthly/klines/ETHUSDT/1h/ETHUSDT-1h-2022-02.zip,2026-08-01T05:18:42+00:00,37936,2c155824e909de8c1f91a41bbdc2356c29f3c16944db3982a7c912ff58083eb3,,2c155824e909de8c1f91a41bbdc2356c29f3c16944db3982a7c912ff58083eb3,True,downloaded_or_resumed
Binance Public Data,checksum,ETHUSDT,2022-02,https://data.binance.vision/data/spot/monthly/klines/ETHUSDT/1h/ETHUSDT-1h-2022-02.zip.CHECKSUM,data/raw/full_import/binance/spot/monthly/klines/ETHUSDT/1h/ETHUSDT-1h-2022-02.zip.CHECKSUM,2026-08-01T05:18:42+00:00,88,1486e6e04fa1547fc7ea4e9b64d6688c6138d691438674c209ca3e973348a8bf,,2c155824e909de8c1f91a41bbdc2356c29f3c16944db3982a7c912ff58083eb3,True,downloaded_or_resumed
Binance Public Data,archive,ETHUSDT,2022-03,https://data.binance.vision/data/spot/monthly/klines/ETHUSDT/1h/ETHUSDT-1h-2022-03.zip,data/raw/full_import/binance/spot/monthly/klines/ETHUSDT/1h/ETHUSDT-1h-2022-03.zip,2026-08-01T05:18:44+00:00,41670,9af5cd5120e2942f763f0a45cec35b0a98322015d52b29884655875f8bfe361d,,9af5cd5120e2942f763f0a45cec35b0a98322015d52b29884655875f8bfe361d,True,downloaded_or_resumed
Binance Public Data,checksum,ETHUSDT,2022-03,https://data.binance.vision/data/spot/monthly/klines/ETHUSDT/1h/ETHUSDT-1h-2022-03.zip.CHECKSUM,data/raw/full_import/binance/spot/monthly/klines/ETHUSDT/1h/ETHUSDT-1h-2022-03.zip.CHECKSUM,2026-08-01T05:18:44+00:00,88,2aecd27f07cb290af0adcb0ea324fa95bb8dfca886c709b601159a94fcc8a1ec,,9af5cd5120e2942f763f0a45cec35b0a98322015d52b29884655875f8bfe361d,True,downloaded_or_resumed
Binance Public Data,archive,ETHUSDT,2022-04,https://data.binance.vision/data/spot/monthly/klines/ETHUSDT/1h/ETHUSDT-1h-2022-04.zip,data/raw/full_import/binance/spot/monthly/klines/ETHUSDT/1h/ETHUSDT-1h-2022-04.zip,2026-08-01T05:18:46+00:00,40240,d47fd9d00967d87564a52cc7025960de98513f863a83018e9f9dd0eb5875df39,,d47fd9d00967d87564a52cc7025960de98513f863a83018e9f9dd0eb5875df39,True,downloaded_or_resumed
Binance Public Data,checksum,ETHUSDT,2022-04,https://data.binance.vision/data/spot/monthly/klines/ETHUSDT/1h/ETHUSDT-1h-2022-04.zip.CHECKSUM,data/raw/full_import/binance/spot/monthly/klines/ETHUSDT/1h/ETHUSDT-1h-2022-04.zip.CHECKSUM,2026-08-01T05:18:46+00:00,88,f948e51333a3815109072bc9ed4c963c7ee0ccbc16457a50558d6e95bbfd26a2,,d47fd9d00967d87564a52cc7025960de98513f863a83018e9f9dd0eb5875df39,True,downloaded_or_resumed
Binance Public Data,archive,ETHUSDT,2022-05,https://data.binance.vision/data/spot/monthly/klines/ETHUSDT/1h/ETHUSDT-1h-2022-05.zip,data/raw/full_import/binance/spot/monthly/klines/ETHUSDT/1h/ETHUSDT-1h-2022-05.zip,2026-08-01T05:18:48+00:00,41837,382390f47d0660bb3dc16aaedf7901002a2293ca7a375045b08d956208c95615,,382390f47d0660bb3dc16aaedf7901002a2293ca7a375045b08d956208c95615,True,downloaded_or_resumed
Binance Public Data,checksum,ETHUSDT,2022-05,https://data.binance.vision/data/spot/monthly/klines/ETHUSDT/1h/ETHUSDT-1h-2022-05.zip.CHECKSUM,data/raw/full_import/binance/spot/monthly/klines/ETHUSDT/1h/ETHUSDT-1h-2022-05.zip.CHECKSUM,2026-08-01T05:18:48+00:00,88,6f6368117b4b27b28d9a451b71b48d7e68c4d76da77ffe7d0856a04b0e412a1a,,382390f47d0660bb3dc16aaedf7901002a2293ca7a375045b08d956208c95615,True,downloaded_or_resumed
Binance Public Data,archive,ETHUSDT,2022-06,https://data.binance.vision/data/spot/monthly/klines/ETHUSDT/1h/ETHUSDT-1h-2022-06.zip,data/raw/full_import/binance/spot/monthly/klines/ETHUSDT/1h/ETHUSDT-1h-2022-06.zip,2026-08-01T05:18:50+00:00,40835,9fd8dabf04723354423f643b62b74ac5f1046e28f855c0e15d9eb68b5e49f559,,9fd8dabf04723354423f643b62b74ac5f1046e28f855c0e15d9eb68b5e49f559,True,downloaded_or_resumed
Binance Public Data,checksum,ETHUSDT,2022-06,https://data.binance.vision/data/spot/monthly/klines/ETHUSDT/1h/ETHUSDT-1h-2022-06.zip.CHECKSUM,data/raw/full_import/binance/spot/monthly/klines/ETHUSDT/1h/ETHUSDT-1h-2022-06.zip.CHECKSUM,2026-08-01T05:18:50+00:00,88,28d2cd51088922fae558d0074005135ff734fc64d06f7d254b8f0c051c6bffa0,,9fd8dabf04723354423f643b62b74ac5f1046e28f855c0e15d9eb68b5e49f559,True,downloaded_or_resumed
Binance Public Data,archive,ETHUSDT,2022-07,https://data.binance.vision/data/spot/monthly/klines/ETHUSDT/1h/ETHUSDT-1h-2022-07.zip,data/raw/full_import/binance/spot/monthly/klines/ETHUSDT/1h/ETHUSDT-1h-2022-07.zip,2026-08-01T05:18:52+00:00,42054,87c81755af5e05b5b24182eed98582284b6896048d231a245581d76df669d4b4,,87c81755af5e05b5b24182eed98582284b6896048d231a245581d76df669d4b4,True,downloaded_or_resumed
Binance Public Data,checksum,ETHUSDT,2022-07,https://data.binance.vision/data/spot/monthly/klines/ETHUSDT/1h/ETHUSDT-1h-2022-07.zip.CHECKSUM,data/raw/full_import/binance/spot/monthly/klines/ETHUSDT/1h/ETHUSDT-1h-2022-07.zip.CHECKSUM,2026-08-01T05:18:52+00:00,88,0bf2d071504a7a88618b98d80f94b9fd324d5d58f307dd8ee856a56352549c44,,87c81755af5e05b5b24182eed98582284b6896048d231a245581d76df669d4b4,True,downloaded_or_resumed
Binance Public Data,archive,ETHUSDT,2022-08,https://data.binance.vision/data/spot/monthly/klines/ETHUSDT/1h/ETHUSDT-1h-2022-08.zip,data/raw/full_import/binance/spot/monthly/klines/ETHUSDT/1h/ETHUSDT-1h-2022-08.zip,2026-08-01T05:18:54+00:00,41777,7792ffb44dbcd7a9964ea796ffc2dc2049b5437a5a317c07b64eb4be8aac1a13,,7792ffb44dbcd7a9964ea796ffc2dc2049b5437a5a317c07b64eb4be8aac1a13,True,downloaded_or_resumed
Binance Public Data,checksum,ETHUSDT,2022-08,https://data.binance.vision/data/spot/monthly/klines/ETHUSDT/1h/ETHUSDT-1h-2022-08.zip.CHECKSUM,data/raw/full_import/binance/spot/monthly/klines/ETHUSDT/1h/ETHUSDT-1h-2022-08.zip.CHECKSUM,2026-08-01T05:18:54+00:00,88,ba15b080e4af1502b79d4da47b021445dd25085a17f1274268e7c11bc58d85eb,,7792ffb44dbcd7a9964ea796ffc2dc2049b5437a5a317c07b64eb4be8aac1a13,True,downloaded_or_resumed
Binance Public Data,archive,ETHUSDT,2022-09,https://data.binance.vision/data/spot/monthly/klines/ETHUSDT/1h/ETHUSDT-1h-2022-09.zip,data/raw/full_import/binance/spot/monthly/klines/ETHUSDT/1h/ETHUSDT-1h-2022-09.zip,2026-08-01T05:18:56+00:00,40195,e64c3e782b8421fa035843584bff1ddcdee84ee1bcb06d6e154915855d6917c4,,e64c3e782b8421fa035843584bff1ddcdee84ee1bcb06d6e154915855d6917c4,True,downloaded_or_resumed
Binance Public Data,checksum,ETHUSDT,2022-09,https://data.binance.vision/data/spot/monthly/klines/ETHUSDT/1h/ETHUSDT-1h-2022-09.zip.CHECKSUM,data/raw/full_import/binance/spot/monthly/klines/ETHUSDT/1h/ETHUSDT-1h-2022-09.zip.CHECKSUM,2026-08-01T05:18:56+00:00,88,807c01665714616d76d0ffdf89dac3309ea61103d26febc2861af09a2788e52e,,e64c3e782b8421fa035843584bff1ddcdee84ee1bcb06d6e154915855d6917c4,True,downloaded_or_resumed
Binance Public Data,archive,ETHUSDT,2022-10,https://data.binance.vision/data/spot/monthly/klines/ETHUSDT/1h/ETHUSDT-1h-2022-10.zip,data/raw/full_import/binance/spot/monthly/klines/ETHUSDT/1h/ETHUSDT-1h-2022-10.zip,2026-08-01T05:18:57+00:00,40772,e0e1d08f8e089a0273e2ad62ad052b690d4082c82bf56da6f7b2c37795e2ab6f,,e0e1d08f8e089a0273e2ad62ad052b690d4082c82bf56da6f7b2c37795e2ab6f,True,downloaded_or_resumed
Binance Public Data,checksum,ETHUSDT,2022-10,https://data.binance.vision/data/spot/monthly/klines/ETHUSDT/1h/ETHUSDT-1h-2022-10.zip.CHECKSUM,data/raw/full_import/binance/spot/monthly/klines/ETHUSDT/1h/ETHUSDT-1h-2022-10.zip.CHECKSUM,2026-08-01T05:18:57+00:00,88,85122e5ef1f3b9cdcf4ec0277065e6e3150e1cf5db50282e391f971d1414ff6a,,e0e1d08f8e089a0273e2ad62ad052b690d4082c82bf56da6f7b2c37795e2ab6f,True,downloaded_or_resumed
Binance Public Data,archive,ETHUSDT,2022-11,https://data.binance.vision/data/spot/monthly/klines/ETHUSDT/1h/ETHUSDT-1h-2022-11.zip,data/raw/full_import/binance/spot/monthly/klines/ETHUSDT/1h/ETHUSDT-1h-2022-11.zip,2026-08-01T05:18:59+00:00,39897,109c93bc5db33562650e146c9a9332ec4496dae5021cf942f5c75317c75d16eb,,109c93bc5db33562650e146c9a9332ec4496dae5021cf942f5c75317c75d16eb,True,downloaded_or_resumed
Binance Public Data,checksum,ETHUSDT,2022-11,https://data.binance.vision/data/spot/monthly/klines/ETHUSDT/1h/ETHUSDT-1h-2022-11.zip.CHECKSUM,data/raw/full_import/binance/spot/monthly/klines/ETHUSDT/1h/ETHUSDT-1h-2022-11.zip.CHECKSUM,2026-08-01T05:18:59+00:00,88,26218d6e8f905d3c17c707b392d8b55b92506cb083a27c9cd01f7894555bf237,,109c93bc5db33562650e146c9a9332ec4496dae5021cf942f5c75317c75d16eb,True,downloaded_or_resumed
Binance Public Data,archive,ETHUSDT,2022-12,https://data.binance.vision/data/spot/monthly/klines/ETHUSDT/1h/ETHUSDT-1h-2022-12.zip,data/raw/full_import/binance/spot/monthly/klines/ETHUSDT/1h/ETHUSDT-1h-2022-12.zip,2026-08-01T05:19:01+00:00,40023,6f704c3ed1be5ce404b5ca53e733e42b005308714218ff9e21d15e7cfb128f01,,6f704c3ed1be5ce404b5ca53e733e42b005308714218ff9e21d15e7cfb128f01,True,downloaded_or_resumed
Binance Public Data,checksum,ETHUSDT,2022-12,https://data.binance.vision/data/spot/monthly/klines/ETHUSDT/1h/ETHUSDT-1h-2022-12.zip.CHECKSUM,data/raw/full_import/binance/spot/monthly/klines/ETHUSDT/1h/ETHUSDT-1h-2022-12.zip.CHECKSUM,2026-08-01T05:19:01+00:00,88,70a4b27757b140bf2edeaddba1471d78260796eb31a794b815397e90e6281a0b,,6f704c3ed1be5ce404b5ca53e733e42b005308714218ff9e21d15e7cfb128f01,True,downloaded_or_resumed
Binance Public Data,archive,ETHUSDT,2023-01,https://data.binance.vision/data/spot/monthly/klines/ETHUSDT/1h/ETHUSDT-1h-2023-01.zip,data/raw/full_import/binance/spot/monthly/klines/ETHUSDT/1h/ETHUSDT-1h-2023-01.zip,2026-08-01T05:19:02+00:00,40509,6a646f674ecfa736db1e6fd0c4ebaf26594806efde851f2c7081aec533714e3d,,6a646f674ecfa736db1e6fd0c4ebaf26594806efde851f2c7081aec533714e3d,True,downloaded_or_resumed
Binance Public Data,checksum,ETHUSDT,2023-01,https://data.binance.vision/data/spot/monthly/klines/ETHUSDT/1h/ETHUSDT-1h-2023-01.zip.CHECKSUM,data/raw/full_import/binance/spot/monthly/klines/ETHUSDT/1h/ETHUSDT-1h-2023-01.zip.CHECKSUM,2026-08-01T05:19:02+00:00,88,7a8e2357f0bbed2862bf2b9f2a05074005b1d82358389d7660aaac6eadf11369,,6a646f674ecfa736db1e6fd0c4ebaf26594806efde851f2c7081aec533714e3d,True,downloaded_or_resumed
Binance Public Data,archive,ETHUSDT,2023-02,https://data.binance.vision/data/spot/monthly/klines/ETHUSDT/1h/ETHUSDT-1h-2023-02.zip,data/raw/full_import/binance/spot/monthly/klines/ETHUSDT/1h/ETHUSDT-1h-2023-02.zip,2026-08-01T05:19:04+00:00,36954,c23f2ce377caba0279a932cfea93701bd02c996879293c5c395eaba06a943039,,c23f2ce377caba0279a932cfea93701bd02c996879293c5c395eaba06a943039,True,downloaded_or_resumed
Binance Public Data,checksum,ETHUSDT,2023-02,https://data.binance.vision/data/spot/monthly/klines/ETHUSDT/1h/ETHUSDT-1h-2023-02.zip.CHECKSUM,data/raw/full_import/binance/spot/monthly/klines/ETHUSDT/1h/ETHUSDT-1h-2023-02.zip.CHECKSUM,2026-08-01T05:19:04+00:00,88,296464257ecc157fafdbb1f53cfc3508534befa9c86792b4dd672bd9d547649b,,c23f2ce377caba0279a932cfea93701bd02c996879293c5c395eaba06a943039,True,downloaded_or_resumed
Binance Public Data,archive,ETHUSDT,2023-03,https://data.binance.vision/data/spot/monthly/klines/ETHUSDT/1h/ETHUSDT-1h-2023-03.zip,data/raw/full_import/binance/spot/monthly/klines/ETHUSDT/1h/ETHUSDT-1h-2023-03.zip,2026-08-01T05:19:05+00:00,41120,90d268be1e0d39f7411f88ca3c0f21fe110fee7ff3c1dd054555e1fea6e22d8d,,90d268be1e0d39f7411f88ca3c0f21fe110fee7ff3c1dd054555e1fea6e22d8d,True,downloaded_or_resumed
Binance Public Data,checksum,ETHUSDT,2023-03,https://data.binance.vision/data/spot/monthly/klines/ETHUSDT/1h/ETHUSDT-1h-2023-03.zip.CHECKSUM,data/raw/full_import/binance/spot/monthly/klines/ETHUSDT/1h/ETHUSDT-1h-2023-03.zip.CHECKSUM,2026-08-01T05:19:05+00:00,88,07194d4884361edba085f47aa54b6f1a8c445f859888e14714844786d1bd5ac8,,90d268be1e0d39f7411f88ca3c0f21fe110fee7ff3c1dd054555e1fea6e22d8d,True,downloaded_or_resumed
Binance Public Data,archive,ETHUSDT,2023-04,https://data.binance.vision/data/spot/monthly/klines/ETHUSDT/1h/ETHUSDT-1h-2023-04.zip,data/raw/full_import/binance/spot/monthly/klines/ETHUSDT/1h/ETHUSDT-1h-2023-04.zip,2026-08-01T05:19:06+00:00,39687,36598c7b9ac93706b8c9f9e6da11bc2137f605c442dab139ac35e397efcd9473,,36598c7b9ac93706b8c9f9e6da11bc2137f605c442dab139ac35e397efcd9473,True,downloaded_or_resumed
Binance Public Data,checksum,ETHUSDT,2023-04,https://data.binance.vision/data/spot/monthly/klines/ETHUSDT/1h/ETHUSDT-1h-2023-04.zip.CHECKSUM,data/raw/full_import/binance/spot/monthly/klines/ETHUSDT/1h/ETHUSDT-1h-2023-04.zip.CHECKSUM,2026-08-01T05:19:06+00:00,88,ec8c46efea45e016874b36bc6e15752a129309b6b3506b77683a53c5349d0176,,36598c7b9ac93706b8c9f9e6da11bc2137f605c442dab139ac35e397efcd9473,True,downloaded_or_resumed
Binance Public Data,archive,ETHUSDT,2023-05,https://data.binance.vision/data/spot/monthly/klines/ETHUSDT/1h/ETHUSDT-1h-2023-05.zip,data/raw/full_import/binance/spot/monthly/klines/ETHUSDT/1h/ETHUSDT-1h-2023-05.zip,2026-08-01T05:19:08+00:00,40460,e03f762cd90b9a4eb6bf3499a05f4df84a71fd23f18d8b1b9c2e88eb469b0f2e,,e03f762cd90b9a4eb6bf3499a05f4df84a71fd23f18d8b1b9c2e88eb469b0f2e,True,downloaded_or_resumed
Binance Public Data,checksum,ETHUSDT,2023-05,https://data.binance.vision/data/spot/monthly/klines/ETHUSDT/1h/ETHUSDT-1h-2023-05.zip.CHECKSUM,data/raw/full_import/binance/spot/monthly/klines/ETHUSDT/1h/ETHUSDT-1h-2023-05.zip.CHECKSUM,2026-08-01T05:19:08+00:00,88,b6b13e8037695c88757bf24f1eb93df09ce70e3f56902c25ee86e14b97de256f,,e03f762cd90b9a4eb6bf3499a05f4df84a71fd23f18d8b1b9c2e88eb469b0f2e,True,downloaded_or_resumed
Binance Public Data,archive,ETHUSDT,2023-06,https://data.binance.vision/data/spot/monthly/klines/ETHUSDT/1h/ETHUSDT-1h-2023-06.zip,data/raw/full_import/binance/spot/monthly/klines/ETHUSDT/1h/ETHUSDT-1h-2023-06.zip,2026-08-01T05:19:10+00:00,39155,7ca4b8f6f6ff04f6899fe49b68df2c7b60841dfadb4a334631491af2d192bfbf,,7ca4b8f6f6ff04f6899fe49b68df2c7b60841dfadb4a334631491af2d192bfbf,True,downloaded_or_resumed
Binance Public Data,checksum,ETHUSDT,2023-06,https://data.binance.vision/data/spot/monthly/klines/ETHUSDT/1h/ETHUSDT-1h-2023-06.zip.CHECKSUM,data/raw/full_import/binance/spot/monthly/klines/ETHUSDT/1h/ETHUSDT-1h-2023-06.zip.CHECKSUM,2026-08-01T05:19:10+00:00,88,5f5a34a8e972766b257a3a1438533fcb1bd596ef99165e89aff9a1df8754e1ec,,7ca4b8f6f6ff04f6899fe49b68df2c7b60841dfadb4a334631491af2d192bfbf,True,downloaded_or_resumed
Binance Public Data,archive,ETHUSDT,2023-07,https://data.binance.vision/data/spot/monthly/klines/ETHUSDT/1h/ETHUSDT-1h-2023-07.zip,data/raw/full_import/binance/spot/monthly/klines/ETHUSDT/1h/ETHUSDT-1h-2023-07.zip,2026-08-01T05:19:12+00:00,39931,b141e7b3ec07f24756b1c5c27b562acfe06d331678a49c493a5fa2cba44eb97a,,b141e7b3ec07f24756b1c5c27b562acfe06d331678a49c493a5fa2cba44eb97a,True,downloaded_or_resumed
Binance Public Data,checksum,ETHUSDT,2023-07,https://data.binance.vision/data/spot/monthly/klines/ETHUSDT/1h/ETHUSDT-1h-2023-07.zip.CHECKSUM,data/raw/full_import/binance/spot/monthly/klines/ETHUSDT/1h/ETHUSDT-1h-2023-07.zip.CHECKSUM,2026-08-01T05:19:12+00:00,88,805547720773f6a4d1696d63e31869f494f260ac10af3aae50947c1623b3eb63,,b141e7b3ec07f24756b1c5c27b562acfe06d331678a49c493a5fa2cba44eb97a,True,downloaded_or_resumed
Binance Public Data,archive,ETHUSDT,2023-08,https://data.binance.vision/data/spot/monthly/klines/ETHUSDT/1h/ETHUSDT-1h-2023-08.zip,data/raw/full_import/binance/spot/monthly/klines/ETHUSDT/1h/ETHUSDT-1h-2023-08.zip,2026-08-01T05:19:14+00:00,39655,25930d0ba8280ec82b879d130071582c3ee4d5a1fbe31dc34c016b2c314d3525,,25930d0ba8280ec82b879d130071582c3ee4d5a1fbe31dc34c016b2c314d3525,True,downloaded_or_resumed
Binance Public Data,checksum,ETHUSDT,2023-08,https://data.binance.vision/data/spot/monthly/klines/ETHUSDT/1h/ETHUSDT-1h-2023-08.zip.CHECKSUM,data/raw/full_import/binance/spot/monthly/klines/ETHUSDT/1h/ETHUSDT-1h-2023-08.zip.CHECKSUM,2026-08-01T05:19:14+00:00,88,989d827e945c7b450ebbff54989089a1fd5d5c090c5a84a1464edb3aa7ea0c95,,25930d0ba8280ec82b879d130071582c3ee4d5a1fbe31dc34c016b2c314d3525,True,downloaded_or_resumed
Binance Public Data,archive,ETHUSDT,2023-09,https://data.binance.vision/data/spot/monthly/klines/ETHUSDT/1h/ETHUSDT-1h-2023-09.zip,data/raw/full_import/binance/spot/monthly/klines/ETHUSDT/1h/ETHUSDT-1h-2023-09.zip,2026-08-01T05:19:16+00:00,38385,3453dc6570a7193ab358e5a4c592439b4073028b1ab09412610d9409cf330219,,3453dc6570a7193ab358e5a4c592439b4073028b1ab09412610d9409cf330219,True,downloaded_or_resumed
Binance Public Data,checksum,ETHUSDT,2023-09,https://data.binance.vision/data/spot/monthly/klines/ETHUSDT/1h/ETHUSDT-1h-2023-09.zip.CHECKSUM,data/raw/full_import/binance/spot/monthly/klines/ETHUSDT/1h/ETHUSDT-1h-2023-09.zip.CHECKSUM,2026-08-01T05:19:16+00:00,88,f007d7dd6d216918f5c110374a2eca333b3394ebb840704cad8a71b0572cde4c,,3453dc6570a7193ab358e5a4c592439b4073028b1ab09412610d9409cf330219,True,downloaded_or_resumed
Binance Public Data,archive,ETHUSDT,2023-10,https://data.binance.vision/data/spot/monthly/klines/ETHUSDT/1h/ETHUSDT-1h-2023-10.zip,data/raw/full_import/binance/spot/monthly/klines/ETHUSDT/1h/ETHUSDT-1h-2023-10.zip,2026-08-01T05:19:19+00:00,40238,d91229dd47c4cf53b8e326b500295a4fb9f0316faca0e2149076065bc53ae049,,d91229dd47c4cf53b8e326b500295a4fb9f0316faca0e2149076065bc53ae049,True,downloaded_or_resumed
Binance Public Data,checksum,ETHUSDT,2023-10,https://data.binance.vision/data/spot/monthly/klines/ETHUSDT/1h/ETHUSDT-1h-2023-10.zip.CHECKSUM,data/raw/full_import/binance/spot/monthly/klines/ETHUSDT/1h/ETHUSDT-1h-2023-10.zip.CHECKSUM,2026-08-01T05:19:19+00:00,88,5b3368f508c93304d421e7e9a42bf6c6ddf0f4240ee678ee1e5994bf88ec6383,,d91229dd47c4cf53b8e326b500295a4fb9f0316faca0e2149076065bc53ae049,True,downloaded_or_resumed
Binance Public Data,archive,ETHUSDT,2023-11,https://data.binance.vision/data/spot/monthly/klines/ETHUSDT/1h/ETHUSDT-1h-2023-11.zip,data/raw/full_import/binance/spot/monthly/klines/ETHUSDT/1h/ETHUSDT-1h-2023-11.zip,2026-08-01T05:19:21+00:00,39562,2be46057e4a5b40b4b7c6bdf5b163aa22e353048e62907e730cd471fbf3a62b5,,2be46057e4a5b40b4b7c6bdf5b163aa22e353048e62907e730cd471fbf3a62b5,True,downloaded_or_resumed
Binance Public Data,checksum,ETHUSDT,2023-11,https://data.binance.vision/data/spot/monthly/klines/ETHUSDT/1h/ETHUSDT-1h-2023-11.zip.CHECKSUM,data/raw/full_import/binance/spot/monthly/klines/ETHUSDT/1h/ETHUSDT-1h-2023-11.zip.CHECKSUM,2026-08-01T05:19:21+00:00,88,170e24eaa6e067a40057e2117c689827ccdde1784e37a3a1d73c25a0af57ff96,,2be46057e4a5b40b4b7c6bdf5b163aa22e353048e62907e730cd471fbf3a62b5,True,downloaded_or_resumed
Binance Public Data,archive,ETHUSDT,2023-12,https://data.binance.vision/data/spot/monthly/klines/ETHUSDT/1h/ETHUSDT-1h-2023-12.zip,data/raw/full_import/binance/spot/monthly/klines/ETHUSDT/1h/ETHUSDT-1h-2023-12.zip,2026-08-01T05:19:22+00:00,41082,89ec0d0b4f4ee72f4f1c2fad52ec1d94435d525bb107ae23d6f9716c77dbc428,,89ec0d0b4f4ee72f4f1c2fad52ec1d94435d525bb107ae23d6f9716c77dbc428,True,downloaded_or_resumed
Binance Public Data,checksum,ETHUSDT,2023-12,https://data.binance.vision/data/spot/monthly/klines/ETHUSDT/1h/ETHUSDT-1h-2023-12.zip.CHECKSUM,data/raw/full_import/binance/spot/monthly/klines/ETHUSDT/1h/ETHUSDT-1h-2023-12.zip.CHECKSUM,2026-08-01T05:19:22+00:00,88,20b2a6817bf0ec9d0dde87b0ab8f2f37c833a0d66c74dc882f977cf41d7d4e43,,89ec0d0b4f4ee72f4f1c2fad52ec1d94435d525bb107ae23d6f9716c77dbc428,True,downloaded_or_resumed
Binance Public Data,archive,ETHUSDT,2024-01,https://data.binance.vision/data/spot/monthly/klines/ETHUSDT/1h/ETHUSDT-1h-2024-01.zip,data/raw/full_import/binance/spot/monthly/klines/ETHUSDT/1h/ETHUSDT-1h-2024-01.zip,2026-08-01T05:19:24+00:00,41245,1fdb3a8fa6b77ef30ef17ed4b71b184172ef1f812d83bd0f50bbd08e71a92057,,1fdb3a8fa6b77ef30ef17ed4b71b184172ef1f812d83bd0f50bbd08e71a92057,True,downloaded_or_resumed
Binance Public Data,checksum,ETHUSDT,2024-01,https://data.binance.vision/data/spot/monthly/klines/ETHUSDT/1h/ETHUSDT-1h-2024-01.zip.CHECKSUM,data/raw/full_import/binance/spot/monthly/klines/ETHUSDT/1h/ETHUSDT-1h-2024-01.zip.CHECKSUM,2026-08-01T05:19:24+00:00,88,f924c2fb1cce60a22750826fc8e2d3838e00cba707082beb3ec6847af27e34d7,,1fdb3a8fa6b77ef30ef17ed4b71b184172ef1f812d83bd0f50bbd08e71a92057,True,downloaded_or_resumed
Binance Public Data,archive,ETHUSDT,2024-02,https://data.binance.vision/data/spot/monthly/klines/ETHUSDT/1h/ETHUSDT-1h-2024-02.zip,data/raw/full_import/binance/spot/monthly/klines/ETHUSDT/1h/ETHUSDT-1h-2024-02.zip,2026-08-01T05:19:27+00:00,38782,f080ff288b2f7e85e78c5370a8a3258b93f85531ff96b4131c1b7889649a8ba4,,f080ff288b2f7e85e78c5370a8a3258b93f85531ff96b4131c1b7889649a8ba4,True,downloaded_or_resumed
Binance Public Data,checksum,ETHUSDT,2024-02,https://data.binance.vision/data/spot/monthly/klines/ETHUSDT/1h/ETHUSDT-1h-2024-02.zip.CHECKSUM,data/raw/full_import/binance/spot/monthly/klines/ETHUSDT/1h/ETHUSDT-1h-2024-02.zip.CHECKSUM,2026-08-01T05:19:27+00:00,88,a5fdce705a942e97bf64a4b08997f1a3b8c91fc008e1a7658dba9bfeb64b450d,,f080ff288b2f7e85e78c5370a8a3258b93f85531ff96b4131c1b7889649a8ba4,True,downloaded_or_resumed
Binance Public Data,archive,ETHUSDT,2024-03,https://data.binance.vision/data/spot/monthly/klines/ETHUSDT/1h/ETHUSDT-1h-2024-03.zip,data/raw/full_import/binance/spot/monthly/klines/ETHUSDT/1h/ETHUSDT-1h-2024-03.zip,2026-08-01T05:19:28+00:00,42083,4eb16ab0c5db15e5e0d77827f5c19c215c7ce601a5501d9563b75bda7602f46e,,4eb16ab0c5db15e5e0d77827f5c19c215c7ce601a5501d9563b75bda7602f46e,True,downloaded_or_resumed
Binance Public Data,checksum,ETHUSDT,2024-03,https://data.binance.vision/data/spot/monthly/klines/ETHUSDT/1h/ETHUSDT-1h-2024-03.zip.CHECKSUM,data/raw/full_import/binance/spot/monthly/klines/ETHUSDT/1h/ETHUSDT-1h-2024-03.zip.CHECKSUM,2026-08-01T05:19:28+00:00,88,f419dea811ad0dabd0422e777007c561ed2e556ef9b96fd9c88ed3822f432241,,4eb16ab0c5db15e5e0d77827f5c19c215c7ce601a5501d9563b75bda7602f46e,True,downloaded_or_resumed
Binance Public Data,archive,ETHUSDT,2024-04,https://data.binance.vision/data/spot/monthly/klines/ETHUSDT/1h/ETHUSDT-1h-2024-04.zip,data/raw/full_import/binance/spot/monthly/klines/ETHUSDT/1h/ETHUSDT-1h-2024-04.zip,2026-08-01T05:19:30+00:00,40291,8b710fad720ae0bc75eaded37b3add95ca49122ae398f3f6e33e57e864da781e,,8b710fad720ae0bc75eaded37b3add95ca49122ae398f3f6e33e57e864da781e,True,downloaded_or_resumed
Binance Public Data,checksum,ETHUSDT,2024-04,https://data.binance.vision/data/spot/monthly/klines/ETHUSDT/1h/ETHUSDT-1h-2024-04.zip.CHECKSUM,data/raw/full_import/binance/spot/monthly/klines/ETHUSDT/1h/ETHUSDT-1h-2024-04.zip.CHECKSUM,2026-08-01T05:19:30+00:00,88,1e20fc76a8a400a51e1e4801fc4517a5be33b46e0b11dd3f6a276284d378ab0a,,8b710fad720ae0bc75eaded37b3add95ca49122ae398f3f6e33e57e864da781e,True,downloaded_or_resumed
Binance Public Data,archive,ETHUSDT,2024-05,https://data.binance.vision/data/spot/monthly/klines/ETHUSDT/1h/ETHUSDT-1h-2024-05.zip,data/raw/full_import/binance/spot/monthly/klines/ETHUSDT/1h/ETHUSDT-1h-2024-05.zip,2026-08-01T05:19:32+00:00,41346,0307d64f0d9ae6ff4001442a014d7b02dcbc5a003dcc36ba139f1c9695996b51,,0307d64f0d9ae6ff4001442a014d7b02dcbc5a003dcc36ba139f1c9695996b51,True,downloaded_or_resumed
Binance Public Data,checksum,ETHUSDT,2024-05,https://data.binance.vision/data/spot/monthly/klines/ETHUSDT/1h/ETHUSDT-1h-2024-05.zip.CHECKSUM,data/raw/full_import/binance/spot/monthly/klines/ETHUSDT/1h/ETHUSDT-1h-2024-05.zip.CHECKSUM,2026-08-01T05:19:32+00:00,88,1dd92df0f5c1ff6b563aee9bf5fddc56c0360f5e85159752e1e79cdbdcac7884,,0307d64f0d9ae6ff4001442a014d7b02dcbc5a003dcc36ba139f1c9695996b51,True,downloaded_or_resumed
Binance Public Data,archive,ETHUSDT,2024-06,https://data.binance.vision/data/spot/monthly/klines/ETHUSDT/1h/ETHUSDT-1h-2024-06.zip,data/raw/full_import/binance/spot/monthly/klines/ETHUSDT/1h/ETHUSDT-1h-2024-06.zip,2026-08-01T05:19:33+00:00,39586,59ee6920bd72d93d1130c89711c93ea192bbfd5f82b548dcb0448f66450f6a06,,59ee6920bd72d93d1130c89711c93ea192bbfd5f82b548dcb0448f66450f6a06,True,downloaded_or_resumed
Binance Public Data,checksum,ETHUSDT,2024-06,https://data.binance.vision/data/spot/monthly/klines/ETHUSDT/1h/ETHUSDT-1h-2024-06.zip.CHECKSUM,data/raw/full_import/binance/spot/monthly/klines/ETHUSDT/1h/ETHUSDT-1h-2024-06.zip.CHECKSUM,2026-08-01T05:19:33+00:00,88,ca2f97f57d15d95b5ed9d91441ac1dd1d69f8226f47fcd550f0fd65096b93980,,59ee6920bd72d93d1130c89711c93ea192bbfd5f82b548dcb0448f66450f6a06,True,downloaded_or_resumed
Binance Public Data,archive,ETHUSDT,2024-07,https://data.binance.vision/data/spot/monthly/klines/ETHUSDT/1h/ETHUSDT-1h-2024-07.zip,data/raw/full_import/binance/spot/monthly/klines/ETHUSDT/1h/ETHUSDT-1h-2024-07.zip,2026-08-01T05:19:34+00:00,41340,83181cfcc1f1e32a542e2c220cbd58acd1c550cc64ad1e2c414e47088266aa7c,,83181cfcc1f1e32a542e2c220cbd58acd1c550cc64ad1e2c414e47088266aa7c,True,downloaded_or_resumed
Binance Public Data,checksum,ETHUSDT,2024-07,https://data.binance.vision/data/spot/monthly/klines/ETHUSDT/1h/ETHUSDT-1h-2024-07.zip.CHECKSUM,data/raw/full_import/binance/spot/monthly/klines/ETHUSDT/1h/ETHUSDT-1h-2024-07.zip.CHECKSUM,2026-08-01T05:19:34+00:00,88,dff6cd6c190cda5a17bedd55bf51abcf1612ff865d997d1cf81ef9dad5982810,,83181cfcc1f1e32a542e2c220cbd58acd1c550cc64ad1e2c414e47088266aa7c,True,downloaded_or_resumed
Binance Public Data,archive,ETHUSDT,2024-08,https://data.binance.vision/data/spot/monthly/klines/ETHUSDT/1h/ETHUSDT-1h-2024-08.zip,data/raw/full_import/binance/spot/monthly/klines/ETHUSDT/1h/ETHUSDT-1h-2024-08.zip,2026-08-01T05:19:35+00:00,41335,d908255a48978f6acb769c4b856a3307c58a8c19dbf2b3b7f10067245d5e8b89,,d908255a48978f6acb769c4b856a3307c58a8c19dbf2b3b7f10067245d5e8b89,True,downloaded_or_resumed
Binance Public Data,checksum,ETHUSDT,2024-08,https://data.binance.vision/data/spot/monthly/klines/ETHUSDT/1h/ETHUSDT-1h-2024-08.zip.CHECKSUM,data/raw/full_import/binance/spot/monthly/klines/ETHUSDT/1h/ETHUSDT-1h-2024-08.zip.CHECKSUM,2026-08-01T05:19:35+00:00,88,ce4f45d5c52b0edd39edc24a51bc589e7c0a9cc3391fab741bd031b924f44f70,,d908255a48978f6acb769c4b856a3307c58a8c19dbf2b3b7f10067245d5e8b89,True,downloaded_or_resumed
Binance Public Data,archive,ETHUSDT,2024-09,https://data.binance.vision/data/spot/monthly/klines/ETHUSDT/1h/ETHUSDT-1h-2024-09.zip,data/raw/full_import/binance/spot/monthly/klines/ETHUSDT/1h/ETHUSDT-1h-2024-09.zip,2026-08-01T05:19:37+00:00,39572,bfbdda97d03abac469199120ec3c2f1305e2d5947e9155ff84dbeafe33cd4a67,,bfbdda97d03abac469199120ec3c2f1305e2d5947e9155ff84dbeafe33cd4a67,True,downloaded_or_resumed
Binance Public Data,checksum,ETHUSDT,2024-09,https://data.binance.vision/data/spot/monthly/klines/ETHUSDT/1h/ETHUSDT-1h-2024-09.zip.CHECKSUM,data/raw/full_import/binance/spot/monthly/klines/ETHUSDT/1h/ETHUSDT-1h-2024-09.zip.CHECKSUM,2026-08-01T05:19:37+00:00,88,e10181e3cf58fcd3e9c9ff4ce20c1bf3f226db33603abf02e4ea12b7571927c9,,bfbdda97d03abac469199120ec3c2f1305e2d5947e9155ff84dbeafe33cd4a67,True,downloaded_or_resumed
Binance Public Data,archive,ETHUSDT,2024-10,https://data.binance.vision/data/spot/monthly/klines/ETHUSDT/1h/ETHUSDT-1h-2024-10.zip,data/raw/full_import/binance/spot/monthly/klines/ETHUSDT/1h/ETHUSDT-1h-2024-10.zip,2026-08-01T05:19:38+00:00,41095,cbb13664485b6c9a6365da7ae23299b722ab5926a6aed516add486ef501883bc,,cbb13664485b6c9a6365da7ae23299b722ab5926a6aed516add486ef501883bc,True,downloaded_or_resumed
Binance Public Data,checksum,ETHUSDT,2024-10,https://data.binance.vision/data/spot/monthly/klines/ETHUSDT/1h/ETHUSDT-1h-2024-10.zip.CHECKSUM,data/raw/full_import/binance/spot/monthly/klines/ETHUSDT/1h/ETHUSDT-1h-2024-10.zip.CHECKSUM,2026-08-01T05:19:38+00:00,88,8bc6e66677800bf80943c44e75548b597ae444b823a050bcb259e1213aae8ff4,,cbb13664485b6c9a6365da7ae23299b722ab5926a6aed516add486ef501883bc,True,downloaded_or_resumed
Binance Public Data,archive,ETHUSDT,2024-11,https://data.binance.vision/data/spot/monthly/klines/ETHUSDT/1h/ETHUSDT-1h-2024-11.zip,data/raw/full_import/binance/spot/monthly/klines/ETHUSDT/1h/ETHUSDT-1h-2024-11.zip,2026-08-01T05:19:40+00:00,40916,29cd30419b86d5dff5467a7a81d43e492aaaeb3669db216ab8badaad5fe610ec,,29cd30419b86d5dff5467a7a81d43e492aaaeb3669db216ab8badaad5fe610ec,True,downloaded_or_resumed
Binance Public Data,checksum,ETHUSDT,2024-11,https://data.binance.vision/data/spot/monthly/klines/ETHUSDT/1h/ETHUSDT-1h-2024-11.zip.CHECKSUM,data/raw/full_import/binance/spot/monthly/klines/ETHUSDT/1h/ETHUSDT-1h-2024-11.zip.CHECKSUM,2026-08-01T05:19:40+00:00,88,098f8b857d5f7de48fb095afd57e4ec63a597bc828ce84758c1e13787190847a,,29cd30419b86d5dff5467a7a81d43e492aaaeb3669db216ab8badaad5fe610ec,True,downloaded_or_resumed
Binance Public Data,archive,ETHUSDT,2024-12,https://data.binance.vision/data/spot/monthly/klines/ETHUSDT/1h/ETHUSDT-1h-2024-12.zip,data/raw/full_import/binance/spot/monthly/klines/ETHUSDT/1h/ETHUSDT-1h-2024-12.zip,2026-08-01T05:19:42+00:00,42106,84312b7dc2b5c903853c78d94f587ef1d24b7960d7bd95f5bfe3afc3db006203,,84312b7dc2b5c903853c78d94f587ef1d24b7960d7bd95f5bfe3afc3db006203,True,downloaded_or_resumed
Binance Public Data,checksum,ETHUSDT,2024-12,https://data.binance.vision/data/spot/monthly/klines/ETHUSDT/1h/ETHUSDT-1h-2024-12.zip.CHECKSUM,data/raw/full_import/binance/spot/monthly/klines/ETHUSDT/1h/ETHUSDT-1h-2024-12.zip.CHECKSUM,2026-08-01T05:19:42+00:00,88,be5c5fe21108db44f2beb89d918865da84ace2cbc4dd09539bd0a74f67683011,,84312b7dc2b5c903853c78d94f587ef1d24b7960d7bd95f5bfe3afc3db006203,True,downloaded_or_resumed
Binance Public Data,archive,ETHUSDT,2025-01,https://data.binance.vision/data/spot/monthly/klines/ETHUSDT/1h/ETHUSDT-1h-2025-01.zip,data/raw/full_import/binance/spot/monthly/klines/ETHUSDT/1h/ETHUSDT-1h-2025-01.zip,2026-08-01T05:19:45+00:00,42253,f7350a6f3b51de466a0db52ba890cf296d4faeb6e84811b9606f87ad39ccf3ec,,f7350a6f3b51de466a0db52ba890cf296d4faeb6e84811b9606f87ad39ccf3ec,True,downloaded_or_resumed
Binance Public Data,checksum,ETHUSDT,2025-01,https://data.binance.vision/data/spot/monthly/klines/ETHUSDT/1h/ETHUSDT-1h-2025-01.zip.CHECKSUM,data/raw/full_import/binance/spot/monthly/klines/ETHUSDT/1h/ETHUSDT-1h-2025-01.zip.CHECKSUM,2026-08-01T05:19:45+00:00,88,f93543c374c179556a56019f23e1c0070fb0dcbdca1734a22d1fcd92e8a28fb3,,f7350a6f3b51de466a0db52ba890cf296d4faeb6e84811b9606f87ad39ccf3ec,True,downloaded_or_resumed
Binance Public Data,archive,ETHUSDT,2025-02,https://data.binance.vision/data/spot/monthly/klines/ETHUSDT/1h/ETHUSDT-1h-2025-02.zip,data/raw/full_import/binance/spot/monthly/klines/ETHUSDT/1h/ETHUSDT-1h-2025-02.zip,2026-08-01T05:19:47+00:00,38410,40c2f73850422d47ca7d044959cecc39ff3416f6e3c88f30636da4a01a0b6e31,,40c2f73850422d47ca7d044959cecc39ff3416f6e3c88f30636da4a01a0b6e31,True,downloaded_or_resumed
Binance Public Data,checksum,ETHUSDT,2025-02,https://data.binance.vision/data/spot/monthly/klines/ETHUSDT/1h/ETHUSDT-1h-2025-02.zip.CHECKSUM,data/raw/full_import/binance/spot/monthly/klines/ETHUSDT/1h/ETHUSDT-1h-2025-02.zip.CHECKSUM,2026-08-01T05:19:47+00:00,88,5fca4b96e92e50833db26676cbc6145db9bb9a5e2a2c0ccb59aa0449d6038963,,40c2f73850422d47ca7d044959cecc39ff3416f6e3c88f30636da4a01a0b6e31,True,downloaded_or_resumed
Binance Public Data,archive,ETHUSDT,2025-03,https://data.binance.vision/data/spot/monthly/klines/ETHUSDT/1h/ETHUSDT-1h-2025-03.zip,data/raw/full_import/binance/spot/monthly/klines/ETHUSDT/1h/ETHUSDT-1h-2025-03.zip,2026-08-01T05:19:48+00:00,41867,dc32ecad498d19f8663633196ec84cbd480595c89aa1ae6062c0fa0b8d9bd11d,,dc32ecad498d19f8663633196ec84cbd480595c89aa1ae6062c0fa0b8d9bd11d,True,downloaded_or_resumed
Binance Public Data,checksum,ETHUSDT,2025-03,https://data.binance.vision/data/spot/monthly/klines/ETHUSDT/1h/ETHUSDT-1h-2025-03.zip.CHECKSUM,data/raw/full_import/binance/spot/monthly/klines/ETHUSDT/1h/ETHUSDT-1h-2025-03.zip.CHECKSUM,2026-08-01T05:19:48+00:00,88,c510db2d393ccb556f073f4d73c461c79a9b3ec99868ca3bd19458bb5841a9e8,,dc32ecad498d19f8663633196ec84cbd480595c89aa1ae6062c0fa0b8d9bd11d,True,downloaded_or_resumed
Binance Public Data,archive,ETHUSDT,2025-04,https://data.binance.vision/data/spot/monthly/klines/ETHUSDT/1h/ETHUSDT-1h-2025-04.zip,data/raw/full_import/binance/spot/monthly/klines/ETHUSDT/1h/ETHUSDT-1h-2025-04.zip,2026-08-01T05:19:50+00:00,40375,73f39799fae1ba4ef291c6785b934a6c817426ef8ef60e1bdf42078efd27893d,,73f39799fae1ba4ef291c6785b934a6c817426ef8ef60e1bdf42078efd27893d,True,downloaded_or_resumed
Binance Public Data,checksum,ETHUSDT,2025-04,https://data.binance.vision/data/spot/monthly/klines/ETHUSDT/1h/ETHUSDT-1h-2025-04.zip.CHECKSUM,data/raw/full_import/binance/spot/monthly/klines/ETHUSDT/1h/ETHUSDT-1h-2025-04.zip.CHECKSUM,2026-08-01T05:19:50+00:00,88,cb4da13ba0704bb2a275bb57212c9e0bfa4576fbf36438f598531793ff9a15d5,,73f39799fae1ba4ef291c6785b934a6c817426ef8ef60e1bdf42078efd27893d,True,downloaded_or_resumed
Binance Public Data,archive,ETHUSDT,2025-05,https://data.binance.vision/data/spot/monthly/klines/ETHUSDT/1h/ETHUSDT-1h-2025-05.zip,data/raw/full_import/binance/spot/monthly/klines/ETHUSDT/1h/ETHUSDT-1h-2025-05.zip,2026-08-01T05:19:52+00:00,42206,720a319face496acff79d8e6279b9b03f31495097d555c74daa076cd66421bee,,720a319face496acff79d8e6279b9b03f31495097d555c74daa076cd66421bee,True,downloaded_or_resumed
Binance Public Data,checksum,ETHUSDT,2025-05,https://data.binance.vision/data/spot/monthly/klines/ETHUSDT/1h/ETHUSDT-1h-2025-05.zip.CHECKSUM,data/raw/full_import/binance/spot/monthly/klines/ETHUSDT/1h/ETHUSDT-1h-2025-05.zip.CHECKSUM,2026-08-01T05:19:52+00:00,88,2a32b9d27a4228004a85d9da98951555d2b7309d57795e657a6fbbe533a95b8c,,720a319face496acff79d8e6279b9b03f31495097d555c74daa076cd66421bee,True,downloaded_or_resumed
Binance Public Data,archive,ETHUSDT,2025-06,https://data.binance.vision/data/spot/monthly/klines/ETHUSDT/1h/ETHUSDT-1h-2025-06.zip,data/raw/full_import/binance/spot/monthly/klines/ETHUSDT/1h/ETHUSDT-1h-2025-06.zip,2026-08-01T05:19:54+00:00,40653,780788805b48a094886590d939ef45372db2ee053aa5d464f8e135121df2b8eb,,780788805b48a094886590d939ef45372db2ee053aa5d464f8e135121df2b8eb,True,downloaded_or_resumed
Binance Public Data,checksum,ETHUSDT,2025-06,https://data.binance.vision/data/spot/monthly/klines/ETHUSDT/1h/ETHUSDT-1h-2025-06.zip.CHECKSUM,data/raw/full_import/binance/spot/monthly/klines/ETHUSDT/1h/ETHUSDT-1h-2025-06.zip.CHECKSUM,2026-08-01T05:19:54+00:00,88,99a85120218e68496a7dccd42743352a4b49e9e2ed4e96bca8dbd4a342b6e48c,,780788805b48a094886590d939ef45372db2ee053aa5d464f8e135121df2b8eb,True,downloaded_or_resumed
Binance Public Data,archive,ETHUSDT,2025-07,https://data.binance.vision/data/spot/monthly/klines/ETHUSDT/1h/ETHUSDT-1h-2025-07.zip,data/raw/full_import/binance/spot/monthly/klines/ETHUSDT/1h/ETHUSDT-1h-2025-07.zip,2026-08-01T05:19:56+00:00,42467,d5c4c2482004a49b479ff5bfbdb885b25035ace24e5f95edd8057507718df366,,d5c4c2482004a49b479ff5bfbdb885b25035ace24e5f95edd8057507718df366,True,downloaded_or_resumed
Binance Public Data,checksum,ETHUSDT,2025-07,https://data.binance.vision/data/spot/monthly/klines/ETHUSDT/1h/ETHUSDT-1h-2025-07.zip.CHECKSUM,data/raw/full_import/binance/spot/monthly/klines/ETHUSDT/1h/ETHUSDT-1h-2025-07.zip.CHECKSUM,2026-08-01T05:19:56+00:00,88,0ce749f84ebcf6edad5f46b5af2c366bdfc6c558e59d94a7238b53cdd47a858d,,d5c4c2482004a49b479ff5bfbdb885b25035ace24e5f95edd8057507718df366,True,downloaded_or_resumed
Binance Public Data,archive,ETHUSDT,2025-08,https://data.binance.vision/data/spot/monthly/klines/ETHUSDT/1h/ETHUSDT-1h-2025-08.zip,data/raw/full_import/binance/spot/monthly/klines/ETHUSDT/1h/ETHUSDT-1h-2025-08.zip,2026-08-01T05:19:57+00:00,43041,1ebdd24f8e1df5369518b721fdb0bfaaca9892ae71499b82783194573f804cad,,1ebdd24f8e1df5369518b721fdb0bfaaca9892ae71499b82783194573f804cad,True,downloaded_or_resumed
Binance Public Data,checksum,ETHUSDT,2025-08,https://data.binance.vision/data/spot/monthly/klines/ETHUSDT/1h/ETHUSDT-1h-2025-08.zip.CHECKSUM,data/raw/full_import/binance/spot/monthly/klines/ETHUSDT/1h/ETHUSDT-1h-2025-08.zip.CHECKSUM,2026-08-01T05:19:57+00:00,88,4c3d3722a9ce05952fd89ecd9565a7765e16416fe59b937783762eb2db11cbc8,,1ebdd24f8e1df5369518b721fdb0bfaaca9892ae71499b82783194573f804cad,True,downloaded_or_resumed
Binance Public Data,archive,ETHUSDT,2025-09,https://data.binance.vision/data/spot/monthly/klines/ETHUSDT/1h/ETHUSDT-1h-2025-09.zip,data/raw/full_import/binance/spot/monthly/klines/ETHUSDT/1h/ETHUSDT-1h-2025-09.zip,2026-08-01T05:19:59+00:00,40873,f83ffff284b408574a4571e83fabc5c641e20edc71818912541cc38ec7e1be43,,f83ffff284b408574a4571e83fabc5c641e20edc71818912541cc38ec7e1be43,True,downloaded_or_resumed
Binance Public Data,checksum,ETHUSDT,2025-09,https://data.binance.vision/data/spot/monthly/klines/ETHUSDT/1h/ETHUSDT-1h-2025-09.zip.CHECKSUM,data/raw/full_import/binance/spot/monthly/klines/ETHUSDT/1h/ETHUSDT-1h-2025-09.zip.CHECKSUM,2026-08-01T05:19:59+00:00,88,d53b2564a44aef128e9998476f942bf1089a6c1642da749dce97e2a589f9097f,,f83ffff284b408574a4571e83fabc5c641e20edc71818912541cc38ec7e1be43,True,downloaded_or_resumed
Binance Public Data,archive,ETHUSDT,2025-10,https://data.binance.vision/data/spot/monthly/klines/ETHUSDT/1h/ETHUSDT-1h-2025-10.zip,data/raw/full_import/binance/spot/monthly/klines/ETHUSDT/1h/ETHUSDT-1h-2025-10.zip,2026-08-01T05:20:01+00:00,42832,f3668059619d772ae8f7167d82666dcc6e2f88f17e6fd66a4a8098c9cd8ba042,,f3668059619d772ae8f7167d82666dcc6e2f88f17e6fd66a4a8098c9cd8ba042,True,downloaded_or_resumed
Binance Public Data,checksum,ETHUSDT,2025-10,https://data.binance.vision/data/spot/monthly/klines/ETHUSDT/1h/ETHUSDT-1h-2025-10.zip.CHECKSUM,data/raw/full_import/binance/spot/monthly/klines/ETHUSDT/1h/ETHUSDT-1h-2025-10.zip.CHECKSUM,2026-08-01T05:20:01+00:00,88,49cf2c34b7f1971fc6fe9ba8432f276b78ede52b5798652210c8102879ae8113,,f3668059619d772ae8f7167d82666dcc6e2f88f17e6fd66a4a8098c9cd8ba042,True,downloaded_or_resumed
Binance Public Data,archive,ETHUSDT,2025-11,https://data.binance.vision/data/spot/monthly/klines/ETHUSDT/1h/ETHUSDT-1h-2025-11.zip,data/raw/full_import/binance/spot/monthly/klines/ETHUSDT/1h/ETHUSDT-1h-2025-11.zip,2026-08-01T05:20:02+00:00,41327,3c0171cdd5eef1ece36c818ace3a07cc48e331cb9d991488a8db917bc496b78d,,3c0171cdd5eef1ece36c818ace3a07cc48e331cb9d991488a8db917bc496b78d,True,downloaded_or_resumed
Binance Public Data,checksum,ETHUSDT,2025-11,https://data.binance.vision/data/spot/monthly/klines/ETHUSDT/1h/ETHUSDT-1h-2025-11.zip.CHECKSUM,data/raw/full_import/binance/spot/monthly/klines/ETHUSDT/1h/ETHUSDT-1h-2025-11.zip.CHECKSUM,2026-08-01T05:20:02+00:00,88,625689705d9ea94edccbf415b21246d2ef5e7a0720f9e58d6baa966c921f24c1,,3c0171cdd5eef1ece36c818ace3a07cc48e331cb9d991488a8db917bc496b78d,True,downloaded_or_resumed
Binance Public Data,archive,ETHUSDT,2025-12,https://data.binance.vision/data/spot/monthly/klines/ETHUSDT/1h/ETHUSDT-1h-2025-12.zip,data/raw/full_import/binance/spot/monthly/klines/ETHUSDT/1h/ETHUSDT-1h-2025-12.zip,2026-08-01T05:20:04+00:00,42005,7a7a35ce7b9be9bafa0a00c47370acc57a48329a3289c21cb19f1185f6430fdb,,7a7a35ce7b9be9bafa0a00c47370acc57a48329a3289c21cb19f1185f6430fdb,True,downloaded_or_resumed
Binance Public Data,checksum,ETHUSDT,2025-12,https://data.binance.vision/data/spot/monthly/klines/ETHUSDT/1h/ETHUSDT-1h-2025-12.zip.CHECKSUM,data/raw/full_import/binance/spot/monthly/klines/ETHUSDT/1h/ETHUSDT-1h-2025-12.zip.CHECKSUM,2026-08-01T05:20:04+00:00,88,89ada2e9f6a34d083c9b1ea8cfe186d03b6f161b9feac74e297fe262380ba13f,,7a7a35ce7b9be9bafa0a00c47370acc57a48329a3289c21cb19f1185f6430fdb,True,downloaded_or_resumed
Binance Public Data,archive,SOLUSDT,2021-01,https://data.binance.vision/data/spot/monthly/klines/SOLUSDT/1h/SOLUSDT-1h-2021-01.zip,data/raw/full_import/binance/spot/monthly/klines/SOLUSDT/1h/SOLUSDT-1h-2021-01.zip,2026-08-01T05:20:05+00:00,37829,ea5f900dec5986dc42bb617b53b5b1fa3e995cb2eedb30b0e4cd97498e8a0e5c,,ea5f900dec5986dc42bb617b53b5b1fa3e995cb2eedb30b0e4cd97498e8a0e5c,True,downloaded_or_resumed
Binance Public Data,checksum,SOLUSDT,2021-01,https://data.binance.vision/data/spot/monthly/klines/SOLUSDT/1h/SOLUSDT-1h-2021-01.zip.CHECKSUM,data/raw/full_import/binance/spot/monthly/klines/SOLUSDT/1h/SOLUSDT-1h-2021-01.zip.CHECKSUM,2026-08-01T05:20:05+00:00,88,c92ae22297ad0ea693d1545510781b1d20e8db597491c65cd1231ce412800af9,,ea5f900dec5986dc42bb617b53b5b1fa3e995cb2eedb30b0e4cd97498e8a0e5c,True,downloaded_or_resumed
Binance Public Data,archive,SOLUSDT,2021-02,https://data.binance.vision/data/spot/monthly/klines/SOLUSDT/1h/SOLUSDT-1h-2021-02.zip,data/raw/full_import/binance/spot/monthly/klines/SOLUSDT/1h/SOLUSDT-1h-2021-02.zip,2026-08-01T05:20:07+00:00,35286,4f0d06729fd2601cabd2c3ec63d82552358fa4381479dbf1b3dde5ab927dbc52,,4f0d06729fd2601cabd2c3ec63d82552358fa4381479dbf1b3dde5ab927dbc52,True,downloaded_or_resumed
Binance Public Data,checksum,SOLUSDT,2021-02,https://data.binance.vision/data/spot/monthly/klines/SOLUSDT/1h/SOLUSDT-1h-2021-02.zip.CHECKSUM,data/raw/full_import/binance/spot/monthly/klines/SOLUSDT/1h/SOLUSDT-1h-2021-02.zip.CHECKSUM,2026-08-01T05:20:07+00:00,88,c2a0b168de0482910ec7455909a8ce74460444b7e0d0579feb6077489648ab00,,4f0d06729fd2601cabd2c3ec63d82552358fa4381479dbf1b3dde5ab927dbc52,True,downloaded_or_resumed
Binance Public Data,archive,SOLUSDT,2021-03,https://data.binance.vision/data/spot/monthly/klines/SOLUSDT/1h/SOLUSDT-1h-2021-03.zip,data/raw/full_import/binance/spot/monthly/klines/SOLUSDT/1h/SOLUSDT-1h-2021-03.zip,2026-08-01T05:20:09+00:00,38526,36eb5c89019e49fc97477fca9fc2dbc79ccfda91f246fe1b70c6e905ce91f579,,36eb5c89019e49fc97477fca9fc2dbc79ccfda91f246fe1b70c6e905ce91f579,True,downloaded_or_resumed
Binance Public Data,checksum,SOLUSDT,2021-03,https://data.binance.vision/data/spot/monthly/klines/SOLUSDT/1h/SOLUSDT-1h-2021-03.zip.CHECKSUM,data/raw/full_import/binance/spot/monthly/klines/SOLUSDT/1h/SOLUSDT-1h-2021-03.zip.CHECKSUM,2026-08-01T05:20:09+00:00,88,d0ccb637f5a5c8dbac680e30e689fa83037a1e0ad9ca3dcd8e3895125ee716cb,,36eb5c89019e49fc97477fca9fc2dbc79ccfda91f246fe1b70c6e905ce91f579,True,downloaded_or_resumed
Binance Public Data,archive,SOLUSDT,2021-04,https://data.binance.vision/data/spot/monthly/klines/SOLUSDT/1h/SOLUSDT-1h-2021-04.zip,data/raw/full_import/binance/spot/monthly/klines/SOLUSDT/1h/SOLUSDT-1h-2021-04.zip,2026-08-01T05:20:10+00:00,38650,b642201a82243a290c4b3a2f5c94d3aa5088a631f4b71faac1b81bc373f88d51,,b642201a82243a290c4b3a2f5c94d3aa5088a631f4b71faac1b81bc373f88d51,True,downloaded_or_resumed
Binance Public Data,checksum,SOLUSDT,2021-04,https://data.binance.vision/data/spot/monthly/klines/SOLUSDT/1h/SOLUSDT-1h-2021-04.zip.CHECKSUM,data/raw/full_import/binance/spot/monthly/klines/SOLUSDT/1h/SOLUSDT-1h-2021-04.zip.CHECKSUM,2026-08-01T05:20:10+00:00,88,99fd0dc7c3a010b9326d407f778b4f1a2915866515147d2344d77ad2934fb154,,b642201a82243a290c4b3a2f5c94d3aa5088a631f4b71faac1b81bc373f88d51,True,downloaded_or_resumed
Binance Public Data,archive,SOLUSDT,2021-05,https://data.binance.vision/data/spot/monthly/klines/SOLUSDT/1h/SOLUSDT-1h-2021-05.zip,data/raw/full_import/binance/spot/monthly/klines/SOLUSDT/1h/SOLUSDT-1h-2021-05.zip,2026-08-01T05:20:11+00:00,39642,ae2f4afc892f9b949a9c56f30c1143d9d267c313cfad17ee1dd6d738ffc98f29,,ae2f4afc892f9b949a9c56f30c1143d9d267c313cfad17ee1dd6d738ffc98f29,True,downloaded_or_resumed
Binance Public Data,checksum,SOLUSDT,2021-05,https://data.binance.vision/data/spot/monthly/klines/SOLUSDT/1h/SOLUSDT-1h-2021-05.zip.CHECKSUM,data/raw/full_import/binance/spot/monthly/klines/SOLUSDT/1h/SOLUSDT-1h-2021-05.zip.CHECKSUM,2026-08-01T05:20:11+00:00,88,a6cecae910a7c27e79e8a9ca412cee7183046c4f0fa52a6a11117846b42e645d,,ae2f4afc892f9b949a9c56f30c1143d9d267c313cfad17ee1dd6d738ffc98f29,True,downloaded_or_resumed
Binance Public Data,archive,SOLUSDT,2021-06,https://data.binance.vision/data/spot/monthly/klines/SOLUSDT/1h/SOLUSDT-1h-2021-06.zip,data/raw/full_import/binance/spot/monthly/klines/SOLUSDT/1h/SOLUSDT-1h-2021-06.zip,2026-08-01T05:20:14+00:00,38261,6b62bd2c29fe923868ead8ee6ec420a205bac46a3573a384061dd12113c11a3b,,6b62bd2c29fe923868ead8ee6ec420a205bac46a3573a384061dd12113c11a3b,True,downloaded_or_resumed
Binance Public Data,checksum,SOLUSDT,2021-06,https://data.binance.vision/data/spot/monthly/klines/SOLUSDT/1h/SOLUSDT-1h-2021-06.zip.CHECKSUM,data/raw/full_import/binance/spot/monthly/klines/SOLUSDT/1h/SOLUSDT-1h-2021-06.zip.CHECKSUM,2026-08-01T05:20:14+00:00,88,cdef53bdbc6172032cb50f4f1ca58a04eb8a2e71afc6c2377e61517389006648,,6b62bd2c29fe923868ead8ee6ec420a205bac46a3573a384061dd12113c11a3b,True,downloaded_or_resumed
Binance Public Data,archive,SOLUSDT,2021-07,https://data.binance.vision/data/spot/monthly/klines/SOLUSDT/1h/SOLUSDT-1h-2021-07.zip,data/raw/full_import/binance/spot/monthly/klines/SOLUSDT/1h/SOLUSDT-1h-2021-07.zip,2026-08-01T05:20:15+00:00,38416,5caaf512734e089498a1793783f5e91b5df881c625546f57c8b026888cb27ae1,,5caaf512734e089498a1793783f5e91b5df881c625546f57c8b026888cb27ae1,True,downloaded_or_resumed
Binance Public Data,checksum,SOLUSDT,2021-07,https://data.binance.vision/data/spot/monthly/klines/SOLUSDT/1h/SOLUSDT-1h-2021-07.zip.CHECKSUM,data/raw/full_import/binance/spot/monthly/klines/SOLUSDT/1h/SOLUSDT-1h-2021-07.zip.CHECKSUM,2026-08-01T05:20:15+00:00,88,389b9af1b5d2b83959426d2856b8ad3994e9ab64515900147d1ddebf9d2beb22,,5caaf512734e089498a1793783f5e91b5df881c625546f57c8b026888cb27ae1,True,downloaded_or_resumed
Binance Public Data,archive,SOLUSDT,2021-08,https://data.binance.vision/data/spot/monthly/klines/SOLUSDT/1h/SOLUSDT-1h-2021-08.zip,data/raw/full_import/binance/spot/monthly/klines/SOLUSDT/1h/SOLUSDT-1h-2021-08.zip,2026-08-01T05:20:17+00:00,39185,f06ca4825d66c1d8faf0294ba6147b17e100175d08b422470d4daeff48243d31,,f06ca4825d66c1d8faf0294ba6147b17e100175d08b422470d4daeff48243d31,True,downloaded_or_resumed
Binance Public Data,checksum,SOLUSDT,2021-08,https://data.binance.vision/data/spot/monthly/klines/SOLUSDT/1h/SOLUSDT-1h-2021-08.zip.CHECKSUM,data/raw/full_import/binance/spot/monthly/klines/SOLUSDT/1h/SOLUSDT-1h-2021-08.zip.CHECKSUM,2026-08-01T05:20:17+00:00,88,64cb682841b09301b6359c887e2f8c5e9504fc361b0e94adae2b0037566b240c,,f06ca4825d66c1d8faf0294ba6147b17e100175d08b422470d4daeff48243d31,True,downloaded_or_resumed
Binance Public Data,archive,SOLUSDT,2021-09,https://data.binance.vision/data/spot/monthly/klines/SOLUSDT/1h/SOLUSDT-1h-2021-09.zip,data/raw/full_import/binance/spot/monthly/klines/SOLUSDT/1h/SOLUSDT-1h-2021-09.zip,2026-08-01T05:20:19+00:00,36292,da02b1053bc0b6de434645fabff293c41927fc6a0720199eb141deb598a4b825,,da02b1053bc0b6de434645fabff293c41927fc6a0720199eb141deb598a4b825,True,downloaded_or_resumed
Binance Public Data,checksum,SOLUSDT,2021-09,https://data.binance.vision/data/spot/monthly/klines/SOLUSDT/1h/SOLUSDT-1h-2021-09.zip.CHECKSUM,data/raw/full_import/binance/spot/monthly/klines/SOLUSDT/1h/SOLUSDT-1h-2021-09.zip.CHECKSUM,2026-08-01T05:20:19+00:00,88,8a5f41b54eff9ba4f7930abb270c99be33958f472b2c99c2a602f82d6d072ce0,,da02b1053bc0b6de434645fabff293c41927fc6a0720199eb141deb598a4b825,True,downloaded_or_resumed
Binance Public Data,archive,SOLUSDT,2021-10,https://data.binance.vision/data/spot/monthly/klines/SOLUSDT/1h/SOLUSDT-1h-2021-10.zip,data/raw/full_import/binance/spot/monthly/klines/SOLUSDT/1h/SOLUSDT-1h-2021-10.zip,2026-08-01T05:20:21+00:00,36703,3293815f4ab92f3ce2146a06c517e0fc62c1baa9273492041617195f56b511a2,,3293815f4ab92f3ce2146a06c517e0fc62c1baa9273492041617195f56b511a2,True,downloaded_or_resumed
Binance Public Data,checksum,SOLUSDT,2021-10,https://data.binance.vision/data/spot/monthly/klines/SOLUSDT/1h/SOLUSDT-1h-2021-10.zip.CHECKSUM,data/raw/full_import/binance/spot/monthly/klines/SOLUSDT/1h/SOLUSDT-1h-2021-10.zip.CHECKSUM,2026-08-01T05:20:21+00:00,88,a95642e5785d405a74e6eee8c896af16cbe208c1eb4ac358f0d41b95224d4ce4,,3293815f4ab92f3ce2146a06c517e0fc62c1baa9273492041617195f56b511a2,True,downloaded_or_resumed
Binance Public Data,archive,SOLUSDT,2021-11,https://data.binance.vision/data/spot/monthly/klines/SOLUSDT/1h/SOLUSDT-1h-2021-11.zip,data/raw/full_import/binance/spot/monthly/klines/SOLUSDT/1h/SOLUSDT-1h-2021-11.zip,2026-08-01T05:20:22+00:00,35612,577c3127dde0f4869a2195662aeec896a135f686962a172aad42176d9655fba0,,577c3127dde0f4869a2195662aeec896a135f686962a172aad42176d9655fba0,True,downloaded_or_resumed
Binance Public Data,checksum,SOLUSDT,2021-11,https://data.binance.vision/data/spot/monthly/klines/SOLUSDT/1h/SOLUSDT-1h-2021-11.zip.CHECKSUM,data/raw/full_import/binance/spot/monthly/klines/SOLUSDT/1h/SOLUSDT-1h-2021-11.zip.CHECKSUM,2026-08-01T05:20:22+00:00,88,b54ae16d8421246bf04bd6253f8200b027cd1749c4f8acb5441b7fa607c3a915,,577c3127dde0f4869a2195662aeec896a135f686962a172aad42176d9655fba0,True,downloaded_or_resumed
Binance Public Data,archive,SOLUSDT,2021-12,https://data.binance.vision/data/spot/monthly/klines/SOLUSDT/1h/SOLUSDT-1h-2021-12.zip,data/raw/full_import/binance/spot/monthly/klines/SOLUSDT/1h/SOLUSDT-1h-2021-12.zip,2026-08-01T05:20:24+00:00,36348,e6e88ff1edc3a6910df90bbe311e0ec071913bd8673307adb4d4ecf41db4ef5e,,e6e88ff1edc3a6910df90bbe311e0ec071913bd8673307adb4d4ecf41db4ef5e,True,downloaded_or_resumed
Binance Public Data,checksum,SOLUSDT,2021-12,https://data.binance.vision/data/spot/monthly/klines/SOLUSDT/1h/SOLUSDT-1h-2021-12.zip.CHECKSUM,data/raw/full_import/binance/spot/monthly/klines/SOLUSDT/1h/SOLUSDT-1h-2021-12.zip.CHECKSUM,2026-08-01T05:20:24+00:00,88,e459d2540fbe3622ebf3e3a9b0cd36470d386816d2912298696f5ae14612b7e2,,e6e88ff1edc3a6910df90bbe311e0ec071913bd8673307adb4d4ecf41db4ef5e,True,downloaded_or_resumed
Binance Public Data,archive,SOLUSDT,2022-01,https://data.binance.vision/data/spot/monthly/klines/SOLUSDT/1h/SOLUSDT-1h-2022-01.zip,data/raw/full_import/binance/spot/monthly/klines/SOLUSDT/1h/SOLUSDT-1h-2022-01.zip,2026-08-01T05:20:26+00:00,35909,cd070a2f7daeaa33835ca00ab10c371a0bc89c353591c65977706635b7418ca0,,cd070a2f7daeaa33835ca00ab10c371a0bc89c353591c65977706635b7418ca0,True,downloaded_or_resumed
Binance Public Data,checksum,SOLUSDT,2022-01,https://data.binance.vision/data/spot/monthly/klines/SOLUSDT/1h/SOLUSDT-1h-2022-01.zip.CHECKSUM,data/raw/full_import/binance/spot/monthly/klines/SOLUSDT/1h/SOLUSDT-1h-2022-01.zip.CHECKSUM,2026-08-01T05:20:26+00:00,88,fff69ba35d07f9a98ce5214c99e60134707b3d1c80e135801dbb68ec545a0373,,cd070a2f7daeaa33835ca00ab10c371a0bc89c353591c65977706635b7418ca0,True,downloaded_or_resumed
Binance Public Data,archive,SOLUSDT,2022-02,https://data.binance.vision/data/spot/monthly/klines/SOLUSDT/1h/SOLUSDT-1h-2022-02.zip,data/raw/full_import/binance/spot/monthly/klines/SOLUSDT/1h/SOLUSDT-1h-2022-02.zip,2026-08-01T05:20:27+00:00,32570,f6eed394dcbfb8815120c328d1c1e22136e25febb9854ce6c0bbd566c92fb673,,f6eed394dcbfb8815120c328d1c1e22136e25febb9854ce6c0bbd566c92fb673,True,downloaded_or_resumed
Binance Public Data,checksum,SOLUSDT,2022-02,https://data.binance.vision/data/spot/monthly/klines/SOLUSDT/1h/SOLUSDT-1h-2022-02.zip.CHECKSUM,data/raw/full_import/binance/spot/monthly/klines/SOLUSDT/1h/SOLUSDT-1h-2022-02.zip.CHECKSUM,2026-08-01T05:20:27+00:00,88,4d944452784352e1de5397f020c3db360c5a1fe13ecb02eada6822b26de5a66a,,f6eed394dcbfb8815120c328d1c1e22136e25febb9854ce6c0bbd566c92fb673,True,downloaded_or_resumed
Binance Public Data,archive,SOLUSDT,2022-03,https://data.binance.vision/data/spot/monthly/klines/SOLUSDT/1h/SOLUSDT-1h-2022-03.zip,data/raw/full_import/binance/spot/monthly/klines/SOLUSDT/1h/SOLUSDT-1h-2022-03.zip,2026-08-01T05:20:30+00:00,35608,8d2e26a84944cf39f343c0b7669e7dabf03bcd7d7afc3e82f6ef2161452f6542,,8d2e26a84944cf39f343c0b7669e7dabf03bcd7d7afc3e82f6ef2161452f6542,True,downloaded_or_resumed
Binance Public Data,checksum,SOLUSDT,2022-03,https://data.binance.vision/data/spot/monthly/klines/SOLUSDT/1h/SOLUSDT-1h-2022-03.zip.CHECKSUM,data/raw/full_import/binance/spot/monthly/klines/SOLUSDT/1h/SOLUSDT-1h-2022-03.zip.CHECKSUM,2026-08-01T05:20:30+00:00,88,d9e5e6263278d0b3169e99452da68647b8a781ecac09e063f9d3a09f8db51257,,8d2e26a84944cf39f343c0b7669e7dabf03bcd7d7afc3e82f6ef2161452f6542,True,downloaded_or_resumed
Binance Public Data,archive,SOLUSDT,2022-04,https://data.binance.vision/data/spot/monthly/klines/SOLUSDT/1h/SOLUSDT-1h-2022-04.zip,data/raw/full_import/binance/spot/monthly/klines/SOLUSDT/1h/SOLUSDT-1h-2022-04.zip,2026-08-01T05:20:31+00:00,34599,001350cb05168fadc8d1240ae89a37f878f986a78951232191a890f77bbb7bcc,,001350cb05168fadc8d1240ae89a37f878f986a78951232191a890f77bbb7bcc,True,downloaded_or_resumed
Binance Public Data,checksum,SOLUSDT,2022-04,https://data.binance.vision/data/spot/monthly/klines/SOLUSDT/1h/SOLUSDT-1h-2022-04.zip.CHECKSUM,data/raw/full_import/binance/spot/monthly/klines/SOLUSDT/1h/SOLUSDT-1h-2022-04.zip.CHECKSUM,2026-08-01T05:20:31+00:00,88,2cd135edf4faf262b76e3d1716e50e554309d0676b8b7a06e8ec4c443e3c0eb7,,001350cb05168fadc8d1240ae89a37f878f986a78951232191a890f77bbb7bcc,True,downloaded_or_resumed
Binance Public Data,archive,SOLUSDT,2022-05,https://data.binance.vision/data/spot/monthly/klines/SOLUSDT/1h/SOLUSDT-1h-2022-05.zip,data/raw/full_import/binance/spot/monthly/klines/SOLUSDT/1h/SOLUSDT-1h-2022-05.zip,2026-08-01T05:20:34+00:00,35796,f68c41a69d18b96d72c9449662cc5c563287369f56033d873f087091db9fb817,,f68c41a69d18b96d72c9449662cc5c563287369f56033d873f087091db9fb817,True,downloaded_or_resumed
Binance Public Data,checksum,SOLUSDT,2022-05,https://data.binance.vision/data/spot/monthly/klines/SOLUSDT/1h/SOLUSDT-1h-2022-05.zip.CHECKSUM,data/raw/full_import/binance/spot/monthly/klines/SOLUSDT/1h/SOLUSDT-1h-2022-05.zip.CHECKSUM,2026-08-01T05:20:34+00:00,88,411830301123a392352227000e3d96992c5985cd60fbef2cfb710b33d3e0cb08,,f68c41a69d18b96d72c9449662cc5c563287369f56033d873f087091db9fb817,True,downloaded_or_resumed
Binance Public Data,archive,SOLUSDT,2022-06,https://data.binance.vision/data/spot/monthly/klines/SOLUSDT/1h/SOLUSDT-1h-2022-06.zip,data/raw/full_import/binance/spot/monthly/klines/SOLUSDT/1h/SOLUSDT-1h-2022-06.zip,2026-08-01T05:20:36+00:00,34446,4e111c3b8d040f832accab28b4405c6a23b90f33883fa8857ba60ec1d073bfef,,4e111c3b8d040f832accab28b4405c6a23b90f33883fa8857ba60ec1d073bfef,True,downloaded_or_resumed
Binance Public Data,checksum,SOLUSDT,2022-06,https://data.binance.vision/data/spot/monthly/klines/SOLUSDT/1h/SOLUSDT-1h-2022-06.zip.CHECKSUM,data/raw/full_import/binance/spot/monthly/klines/SOLUSDT/1h/SOLUSDT-1h-2022-06.zip.CHECKSUM,2026-08-01T05:20:36+00:00,88,c14ee14de8c243387426a546a922e2a3bd8d570a63eacce6fb14b932b9027331,,4e111c3b8d040f832accab28b4405c6a23b90f33883fa8857ba60ec1d073bfef,True,downloaded_or_resumed
Binance Public Data,archive,SOLUSDT,2022-07,https://data.binance.vision/data/spot/monthly/klines/SOLUSDT/1h/SOLUSDT-1h-2022-07.zip,data/raw/full_import/binance/spot/monthly/klines/SOLUSDT/1h/SOLUSDT-1h-2022-07.zip,2026-08-01T05:20:37+00:00,35142,10a6858a4c66cd1e0ea3e4a4265a737d3114f73062094a75bd48e9c8afd14aee,,10a6858a4c66cd1e0ea3e4a4265a737d3114f73062094a75bd48e9c8afd14aee,True,downloaded_or_resumed
Binance Public Data,checksum,SOLUSDT,2022-07,https://data.binance.vision/data/spot/monthly/klines/SOLUSDT/1h/SOLUSDT-1h-2022-07.zip.CHECKSUM,data/raw/full_import/binance/spot/monthly/klines/SOLUSDT/1h/SOLUSDT-1h-2022-07.zip.CHECKSUM,2026-08-01T05:20:37+00:00,88,c22d63270cba5d314128d87afbf1b44003216fcb9c53da45341ec061abcffae6,,10a6858a4c66cd1e0ea3e4a4265a737d3114f73062094a75bd48e9c8afd14aee,True,downloaded_or_resumed
Binance Public Data,archive,SOLUSDT,2022-08,https://data.binance.vision/data/spot/monthly/klines/SOLUSDT/1h/SOLUSDT-1h-2022-08.zip,data/raw/full_import/binance/spot/monthly/klines/SOLUSDT/1h/SOLUSDT-1h-2022-08.zip,2026-08-01T05:20:39+00:00,34858,a76d0f3bca32a91f4ea923c60c6c87256a673b2a73bdcc117449fc8e4f57ebe6,,a76d0f3bca32a91f4ea923c60c6c87256a673b2a73bdcc117449fc8e4f57ebe6,True,downloaded_or_resumed
Binance Public Data,checksum,SOLUSDT,2022-08,https://data.binance.vision/data/spot/monthly/klines/SOLUSDT/1h/SOLUSDT-1h-2022-08.zip.CHECKSUM,data/raw/full_import/binance/spot/monthly/klines/SOLUSDT/1h/SOLUSDT-1h-2022-08.zip.CHECKSUM,2026-08-01T05:20:39+00:00,88,e87a6291c7f4735aa4f759450e65df5b389c8235c2d72fa1e46631033bf70084,,a76d0f3bca32a91f4ea923c60c6c87256a673b2a73bdcc117449fc8e4f57ebe6,True,downloaded_or_resumed
Binance Public Data,archive,SOLUSDT,2022-09,https://data.binance.vision/data/spot/monthly/klines/SOLUSDT/1h/SOLUSDT-1h-2022-09.zip,data/raw/full_import/binance/spot/monthly/klines/SOLUSDT/1h/SOLUSDT-1h-2022-09.zip,2026-08-01T05:20:41+00:00,33215,bcba92d96fd85adcf5894674551a3ac52334b1836fcd7b09745c6c2ec70e930a,,bcba92d96fd85adcf5894674551a3ac52334b1836fcd7b09745c6c2ec70e930a,True,downloaded_or_resumed
Binance Public Data,checksum,SOLUSDT,2022-09,https://data.binance.vision/data/spot/monthly/klines/SOLUSDT/1h/SOLUSDT-1h-2022-09.zip.CHECKSUM,data/raw/full_import/binance/spot/monthly/klines/SOLUSDT/1h/SOLUSDT-1h-2022-09.zip.CHECKSUM,2026-08-01T05:20:41+00:00,88,e1b6fa5c5358481f0763c97d8b074ef2ce7071f65d5b45021669954592b0727f,,bcba92d96fd85adcf5894674551a3ac52334b1836fcd7b09745c6c2ec70e930a,True,downloaded_or_resumed
Binance Public Data,archive,SOLUSDT,2022-10,https://data.binance.vision/data/spot/monthly/klines/SOLUSDT/1h/SOLUSDT-1h-2022-10.zip,data/raw/full_import/binance/spot/monthly/klines/SOLUSDT/1h/SOLUSDT-1h-2022-10.zip,2026-08-01T05:20:43+00:00,33673,c855d5b612c4b362110007383e27c965db324f54ab091ac82cf00b827cab8f6b,,c855d5b612c4b362110007383e27c965db324f54ab091ac82cf00b827cab8f6b,True,downloaded_or_resumed
Binance Public Data,checksum,SOLUSDT,2022-10,https://data.binance.vision/data/spot/monthly/klines/SOLUSDT/1h/SOLUSDT-1h-2022-10.zip.CHECKSUM,data/raw/full_import/binance/spot/monthly/klines/SOLUSDT/1h/SOLUSDT-1h-2022-10.zip.CHECKSUM,2026-08-01T05:20:43+00:00,88,6b53e6d63d493044138a197ca19e10fd09d6d4e4dd9d458a830fc46a75b3fcb5,,c855d5b612c4b362110007383e27c965db324f54ab091ac82cf00b827cab8f6b,True,downloaded_or_resumed
Binance Public Data,archive,SOLUSDT,2022-11,https://data.binance.vision/data/spot/monthly/klines/SOLUSDT/1h/SOLUSDT-1h-2022-11.zip,data/raw/full_import/binance/spot/monthly/klines/SOLUSDT/1h/SOLUSDT-1h-2022-11.zip,2026-08-01T05:20:45+00:00,33510,d61c2d3b3ba2e772d39fcc1181973359cd8b59fd1a9b8b29aa8e1dc394d889c9,,d61c2d3b3ba2e772d39fcc1181973359cd8b59fd1a9b8b29aa8e1dc394d889c9,True,downloaded_or_resumed
Binance Public Data,checksum,SOLUSDT,2022-11,https://data.binance.vision/data/spot/monthly/klines/SOLUSDT/1h/SOLUSDT-1h-2022-11.zip.CHECKSUM,data/raw/full_import/binance/spot/monthly/klines/SOLUSDT/1h/SOLUSDT-1h-2022-11.zip.CHECKSUM,2026-08-01T05:20:45+00:00,88,24143c8590c2cf6aca47e55c2351ea7b25743ffd7c9aa34e43f53bbd0318a631,,d61c2d3b3ba2e772d39fcc1181973359cd8b59fd1a9b8b29aa8e1dc394d889c9,True,downloaded_or_resumed
Binance Public Data,archive,SOLUSDT,2022-12,https://data.binance.vision/data/spot/monthly/klines/SOLUSDT/1h/SOLUSDT-1h-2022-12.zip,data/raw/full_import/binance/spot/monthly/klines/SOLUSDT/1h/SOLUSDT-1h-2022-12.zip,2026-08-01T05:20:47+00:00,32820,9f2df163d62154fd641ab95228e6123e378cfc972effea348721317515ddc9d6,,9f2df163d62154fd641ab95228e6123e378cfc972effea348721317515ddc9d6,True,downloaded_or_resumed
Binance Public Data,checksum,SOLUSDT,2022-12,https://data.binance.vision/data/spot/monthly/klines/SOLUSDT/1h/SOLUSDT-1h-2022-12.zip.CHECKSUM,data/raw/full_import/binance/spot/monthly/klines/SOLUSDT/1h/SOLUSDT-1h-2022-12.zip.CHECKSUM,2026-08-01T05:20:47+00:00,88,264608d18a02ef64a506379130110ad69aa1be8c76709f5282311356fe569e65,,9f2df163d62154fd641ab95228e6123e378cfc972effea348721317515ddc9d6,True,downloaded_or_resumed
Binance Public Data,archive,SOLUSDT,2023-01,https://data.binance.vision/data/spot/monthly/klines/SOLUSDT/1h/SOLUSDT-1h-2023-01.zip,data/raw/full_import/binance/spot/monthly/klines/SOLUSDT/1h/SOLUSDT-1h-2023-01.zip,2026-08-01T05:20:49+00:00,34669,24e284cea68c9a42bd6a5bd6cdc2ce56ca00fea106728f36de3d171b215f6905,,24e284cea68c9a42bd6a5bd6cdc2ce56ca00fea106728f36de3d171b215f6905,True,downloaded_or_resumed
Binance Public Data,checksum,SOLUSDT,2023-01,https://data.binance.vision/data/spot/monthly/klines/SOLUSDT/1h/SOLUSDT-1h-2023-01.zip.CHECKSUM,data/raw/full_import/binance/spot/monthly/klines/SOLUSDT/1h/SOLUSDT-1h-2023-01.zip.CHECKSUM,2026-08-01T05:20:49+00:00,88,717cfaa3fe920d41087e12cd9726946508b2d9c642686bc13f699c1a3b389b2a,,24e284cea68c9a42bd6a5bd6cdc2ce56ca00fea106728f36de3d171b215f6905,True,downloaded_or_resumed
Binance Public Data,archive,SOLUSDT,2023-02,https://data.binance.vision/data/spot/monthly/klines/SOLUSDT/1h/SOLUSDT-1h-2023-02.zip,data/raw/full_import/binance/spot/monthly/klines/SOLUSDT/1h/SOLUSDT-1h-2023-02.zip,2026-08-01T05:20:50+00:00,31034,e6c07a992221248893cd519539d2937e241931e1f129206bd13d4197b1f3b6c9,,e6c07a992221248893cd519539d2937e241931e1f129206bd13d4197b1f3b6c9,True,downloaded_or_resumed
Binance Public Data,checksum,SOLUSDT,2023-02,https://data.binance.vision/data/spot/monthly/klines/SOLUSDT/1h/SOLUSDT-1h-2023-02.zip.CHECKSUM,data/raw/full_import/binance/spot/monthly/klines/SOLUSDT/1h/SOLUSDT-1h-2023-02.zip.CHECKSUM,2026-08-01T05:20:50+00:00,88,3bde79e33ff9ddb2bef149d45e950ac957f9fdd41a79d07b55aca48c87173770,,e6c07a992221248893cd519539d2937e241931e1f129206bd13d4197b1f3b6c9,True,downloaded_or_resumed
Binance Public Data,archive,SOLUSDT,2023-03,https://data.binance.vision/data/spot/monthly/klines/SOLUSDT/1h/SOLUSDT-1h-2023-03.zip,data/raw/full_import/binance/spot/monthly/klines/SOLUSDT/1h/SOLUSDT-1h-2023-03.zip,2026-08-01T05:20:51+00:00,34243,7345fc8807e3e73e11595b5b371bf96d414048f77d1498964fa5c5f8fe3f02e7,,7345fc8807e3e73e11595b5b371bf96d414048f77d1498964fa5c5f8fe3f02e7,True,downloaded_or_resumed
Binance Public Data,checksum,SOLUSDT,2023-03,https://data.binance.vision/data/spot/monthly/klines/SOLUSDT/1h/SOLUSDT-1h-2023-03.zip.CHECKSUM,data/raw/full_import/binance/spot/monthly/klines/SOLUSDT/1h/SOLUSDT-1h-2023-03.zip.CHECKSUM,2026-08-01T05:20:51+00:00,88,ff5711ba09468c027b2e00b0f07fe239256f1d510de1fe917fddf8d9b3503e9a,,7345fc8807e3e73e11595b5b371bf96d414048f77d1498964fa5c5f8fe3f02e7,True,downloaded_or_resumed
Binance Public Data,archive,SOLUSDT,2023-04,https://data.binance.vision/data/spot/monthly/klines/SOLUSDT/1h/SOLUSDT-1h-2023-04.zip,data/raw/full_import/binance/spot/monthly/klines/SOLUSDT/1h/SOLUSDT-1h-2023-04.zip,2026-08-01T05:20:52+00:00,32821,89bb7df7673715efdaac4445bc5e7bb980e78469245f6f6baa978d4e7e2a8bc5,,89bb7df7673715efdaac4445bc5e7bb980e78469245f6f6baa978d4e7e2a8bc5,True,downloaded_or_resumed
Binance Public Data,checksum,SOLUSDT,2023-04,https://data.binance.vision/data/spot/monthly/klines/SOLUSDT/1h/SOLUSDT-1h-2023-04.zip.CHECKSUM,data/raw/full_import/binance/spot/monthly/klines/SOLUSDT/1h/SOLUSDT-1h-2023-04.zip.CHECKSUM,2026-08-01T05:20:52+00:00,88,8f26096fad47f8ab7367878096770aab66178695585dfacd730803020ef09e44,,89bb7df7673715efdaac4445bc5e7bb980e78469245f6f6baa978d4e7e2a8bc5,True,downloaded_or_resumed
Binance Public Data,archive,SOLUSDT,2023-05,https://data.binance.vision/data/spot/monthly/klines/SOLUSDT/1h/SOLUSDT-1h-2023-05.zip,data/raw/full_import/binance/spot/monthly/klines/SOLUSDT/1h/SOLUSDT-1h-2023-05.zip,2026-08-01T05:20:54+00:00,33278,8578fd237c61fe3cf535eea93143f094989f26af41cc2d24c813f4836daaeb44,,8578fd237c61fe3cf535eea93143f094989f26af41cc2d24c813f4836daaeb44,True,downloaded_or_resumed
Binance Public Data,checksum,SOLUSDT,2023-05,https://data.binance.vision/data/spot/monthly/klines/SOLUSDT/1h/SOLUSDT-1h-2023-05.zip.CHECKSUM,data/raw/full_import/binance/spot/monthly/klines/SOLUSDT/1h/SOLUSDT-1h-2023-05.zip.CHECKSUM,2026-08-01T05:20:54+00:00,88,7381b255e645ffcfc3e92243661c3397ae582aae7a89834921c677b0bc7969d5,,8578fd237c61fe3cf535eea93143f094989f26af41cc2d24c813f4836daaeb44,True,downloaded_or_resumed
Binance Public Data,archive,SOLUSDT,2023-06,https://data.binance.vision/data/spot/monthly/klines/SOLUSDT/1h/SOLUSDT-1h-2023-06.zip,data/raw/full_import/binance/spot/monthly/klines/SOLUSDT/1h/SOLUSDT-1h-2023-06.zip,2026-08-01T05:20:56+00:00,32713,0e2e5c23418ff24a31cbcb4fe95e73db1c7fc90abcf960b86c37b53b3b19c77d,,0e2e5c23418ff24a31cbcb4fe95e73db1c7fc90abcf960b86c37b53b3b19c77d,True,downloaded_or_resumed
Binance Public Data,checksum,SOLUSDT,2023-06,https://data.binance.vision/data/spot/monthly/klines/SOLUSDT/1h/SOLUSDT-1h-2023-06.zip.CHECKSUM,data/raw/full_import/binance/spot/monthly/klines/SOLUSDT/1h/SOLUSDT-1h-2023-06.zip.CHECKSUM,2026-08-01T05:20:56+00:00,88,e78fd8c3949d0f3d9800a9d8d714f8e7e534bd8cce3384db51a6cdb74098efdd,,0e2e5c23418ff24a31cbcb4fe95e73db1c7fc90abcf960b86c37b53b3b19c77d,True,downloaded_or_resumed
Binance Public Data,archive,SOLUSDT,2023-07,https://data.binance.vision/data/spot/monthly/klines/SOLUSDT/1h/SOLUSDT-1h-2023-07.zip,data/raw/full_import/binance/spot/monthly/klines/SOLUSDT/1h/SOLUSDT-1h-2023-07.zip,2026-08-01T05:20:57+00:00,34337,7eebf42589b01a086f3be7f2af9a39d1a5df6dbd16f062ae383717725ea008c8,,7eebf42589b01a086f3be7f2af9a39d1a5df6dbd16f062ae383717725ea008c8,True,downloaded_or_resumed
Binance Public Data,checksum,SOLUSDT,2023-07,https://data.binance.vision/data/spot/monthly/klines/SOLUSDT/1h/SOLUSDT-1h-2023-07.zip.CHECKSUM,data/raw/full_import/binance/spot/monthly/klines/SOLUSDT/1h/SOLUSDT-1h-2023-07.zip.CHECKSUM,2026-08-01T05:20:57+00:00,88,eebbf983599ffd5234f85e76ee6881330e18c525ed18cb171c7540b6b4f4079b,,7eebf42589b01a086f3be7f2af9a39d1a5df6dbd16f062ae383717725ea008c8,True,downloaded_or_resumed
Binance Public Data,archive,SOLUSDT,2023-08,https://data.binance.vision/data/spot/monthly/klines/SOLUSDT/1h/SOLUSDT-1h-2023-08.zip,data/raw/full_import/binance/spot/monthly/klines/SOLUSDT/1h/SOLUSDT-1h-2023-08.zip,2026-08-01T05:20:59+00:00,33419,25cb0c865a4bf34ac55dee9cfea5a39d7d9f765c0f7654158086202ff78a9c9f,,25cb0c865a4bf34ac55dee9cfea5a39d7d9f765c0f7654158086202ff78a9c9f,True,downloaded_or_resumed
Binance Public Data,checksum,SOLUSDT,2023-08,https://data.binance.vision/data/spot/monthly/klines/SOLUSDT/1h/SOLUSDT-1h-2023-08.zip.CHECKSUM,data/raw/full_import/binance/spot/monthly/klines/SOLUSDT/1h/SOLUSDT-1h-2023-08.zip.CHECKSUM,2026-08-01T05:20:59+00:00,88,8814866e379e265ce5364e5253cf6ce89478d9c56c3ddba4a3c7d4bbb2f55cc3,,25cb0c865a4bf34ac55dee9cfea5a39d7d9f765c0f7654158086202ff78a9c9f,True,downloaded_or_resumed
Binance Public Data,archive,SOLUSDT,2023-09,https://data.binance.vision/data/spot/monthly/klines/SOLUSDT/1h/SOLUSDT-1h-2023-09.zip,data/raw/full_import/binance/spot/monthly/klines/SOLUSDT/1h/SOLUSDT-1h-2023-09.zip,2026-08-01T05:21:01+00:00,31997,47b3f1869eca8bf460a31570c38ae5ad9eb338773493cad95683cb3d933c05f5,,47b3f1869eca8bf460a31570c38ae5ad9eb338773493cad95683cb3d933c05f5,True,downloaded_or_resumed
Binance Public Data,checksum,SOLUSDT,2023-09,https://data.binance.vision/data/spot/monthly/klines/SOLUSDT/1h/SOLUSDT-1h-2023-09.zip.CHECKSUM,data/raw/full_import/binance/spot/monthly/klines/SOLUSDT/1h/SOLUSDT-1h-2023-09.zip.CHECKSUM,2026-08-01T05:21:01+00:00,88,b374062e1b748fc8f81d26e65b97e4e1e1fc0bfc39cfd3dc3b2c35f3b203b0a5,,47b3f1869eca8bf460a31570c38ae5ad9eb338773493cad95683cb3d933c05f5,True,downloaded_or_resumed
Binance Public Data,archive,SOLUSDT,2023-10,https://data.binance.vision/data/spot/monthly/klines/SOLUSDT/1h/SOLUSDT-1h-2023-10.zip,data/raw/full_import/binance/spot/monthly/klines/SOLUSDT/1h/SOLUSDT-1h-2023-10.zip,2026-08-01T05:21:02+00:00,34447,2d4fdfa1fc9b7bcf69382883e472b4ce741cd6470ead4d4bce46c6d263988837,,2d4fdfa1fc9b7bcf69382883e472b4ce741cd6470ead4d4bce46c6d263988837,True,downloaded_or_resumed
Binance Public Data,checksum,SOLUSDT,2023-10,https://data.binance.vision/data/spot/monthly/klines/SOLUSDT/1h/SOLUSDT-1h-2023-10.zip.CHECKSUM,data/raw/full_import/binance/spot/monthly/klines/SOLUSDT/1h/SOLUSDT-1h-2023-10.zip.CHECKSUM,2026-08-01T05:21:02+00:00,88,5c63015c62fc9affba9d349f3a401dfaf7abf28093344b47f30be62c5d9001a1,,2d4fdfa1fc9b7bcf69382883e472b4ce741cd6470ead4d4bce46c6d263988837,True,downloaded_or_resumed
Binance Public Data,archive,SOLUSDT,2023-11,https://data.binance.vision/data/spot/monthly/klines/SOLUSDT/1h/SOLUSDT-1h-2023-11.zip,data/raw/full_import/binance/spot/monthly/klines/SOLUSDT/1h/SOLUSDT-1h-2023-11.zip,2026-08-01T05:21:04+00:00,34943,2fb358d1f7fc162236cadb344f21dca8b270e5ef6e88964c9f49a9c3f28b714c,,2fb358d1f7fc162236cadb344f21dca8b270e5ef6e88964c9f49a9c3f28b714c,True,downloaded_or_resumed
Binance Public Data,checksum,SOLUSDT,2023-11,https://data.binance.vision/data/spot/monthly/klines/SOLUSDT/1h/SOLUSDT-1h-2023-11.zip.CHECKSUM,data/raw/full_import/binance/spot/monthly/klines/SOLUSDT/1h/SOLUSDT-1h-2023-11.zip.CHECKSUM,2026-08-01T05:21:04+00:00,88,8812172a0165e13fd5cf4571b3833a302e8a1db95322bd028c0190b957857c56,,2fb358d1f7fc162236cadb344f21dca8b270e5ef6e88964c9f49a9c3f28b714c,True,downloaded_or_resumed
Binance Public Data,archive,SOLUSDT,2023-12,https://data.binance.vision/data/spot/monthly/klines/SOLUSDT/1h/SOLUSDT-1h-2023-12.zip,data/raw/full_import/binance/spot/monthly/klines/SOLUSDT/1h/SOLUSDT-1h-2023-12.zip,2026-08-01T05:21:06+00:00,36698,8ed8a6482a5538cbcc683f861305f049c86ea09bf0f10cff19a525b55eada4b8,,8ed8a6482a5538cbcc683f861305f049c86ea09bf0f10cff19a525b55eada4b8,True,downloaded_or_resumed
Binance Public Data,checksum,SOLUSDT,2023-12,https://data.binance.vision/data/spot/monthly/klines/SOLUSDT/1h/SOLUSDT-1h-2023-12.zip.CHECKSUM,data/raw/full_import/binance/spot/monthly/klines/SOLUSDT/1h/SOLUSDT-1h-2023-12.zip.CHECKSUM,2026-08-01T05:21:06+00:00,88,54f265c7899e183844e4593de777e5f76f209b56b0603f140a410dfb657f362f,,8ed8a6482a5538cbcc683f861305f049c86ea09bf0f10cff19a525b55eada4b8,True,downloaded_or_resumed
Binance Public Data,archive,SOLUSDT,2024-01,https://data.binance.vision/data/spot/monthly/klines/SOLUSDT/1h/SOLUSDT-1h-2024-01.zip,data/raw/full_import/binance/spot/monthly/klines/SOLUSDT/1h/SOLUSDT-1h-2024-01.zip,2026-08-01T05:21:08+00:00,36429,f2a90d8c6ed9f666b95e85e048ac4f6ba424c7fe143a982f671ad0b7f0c8cbdc,,f2a90d8c6ed9f666b95e85e048ac4f6ba424c7fe143a982f671ad0b7f0c8cbdc,True,downloaded_or_resumed
Binance Public Data,checksum,SOLUSDT,2024-01,https://data.binance.vision/data/spot/monthly/klines/SOLUSDT/1h/SOLUSDT-1h-2024-01.zip.CHECKSUM,data/raw/full_import/binance/spot/monthly/klines/SOLUSDT/1h/SOLUSDT-1h-2024-01.zip.CHECKSUM,2026-08-01T05:21:08+00:00,88,0a7a7e6b91be8c3cf18d61f73e9ec50559b2695b97af276c54d19c071117afe1,,f2a90d8c6ed9f666b95e85e048ac4f6ba424c7fe143a982f671ad0b7f0c8cbdc,True,downloaded_or_resumed
Binance Public Data,archive,SOLUSDT,2024-02,https://data.binance.vision/data/spot/monthly/klines/SOLUSDT/1h/SOLUSDT-1h-2024-02.zip,data/raw/full_import/binance/spot/monthly/klines/SOLUSDT/1h/SOLUSDT-1h-2024-02.zip,2026-08-01T05:21:11+00:00,33893,fd194ff79e56690fa5bb463b6c280f5c521fb39087c6f4d5fa9c683eb92ca0d8,,fd194ff79e56690fa5bb463b6c280f5c521fb39087c6f4d5fa9c683eb92ca0d8,True,downloaded_or_resumed
Binance Public Data,checksum,SOLUSDT,2024-02,https://data.binance.vision/data/spot/monthly/klines/SOLUSDT/1h/SOLUSDT-1h-2024-02.zip.CHECKSUM,data/raw/full_import/binance/spot/monthly/klines/SOLUSDT/1h/SOLUSDT-1h-2024-02.zip.CHECKSUM,2026-08-01T05:21:11+00:00,88,4e52c38dca1995e50692d49eaf1fd2751cd0649da711cb7fae6973a3e18498b8,,fd194ff79e56690fa5bb463b6c280f5c521fb39087c6f4d5fa9c683eb92ca0d8,True,downloaded_or_resumed
Binance Public Data,archive,SOLUSDT,2024-03,https://data.binance.vision/data/spot/monthly/klines/SOLUSDT/1h/SOLUSDT-1h-2024-03.zip,data/raw/full_import/binance/spot/monthly/klines/SOLUSDT/1h/SOLUSDT-1h-2024-03.zip,2026-08-01T05:21:12+00:00,37162,b24ea98ce4ffebb0bc831acd1de8558f49c371ff4774fa31667daa11ffc0dd6c,,b24ea98ce4ffebb0bc831acd1de8558f49c371ff4774fa31667daa11ffc0dd6c,True,downloaded_or_resumed
Binance Public Data,checksum,SOLUSDT,2024-03,https://data.binance.vision/data/spot/monthly/klines/SOLUSDT/1h/SOLUSDT-1h-2024-03.zip.CHECKSUM,data/raw/full_import/binance/spot/monthly/klines/SOLUSDT/1h/SOLUSDT-1h-2024-03.zip.CHECKSUM,2026-08-01T05:21:12+00:00,88,967589cb3003eb55bfa9e8ec5e93fa5703807d4b25aa20853ef62619ee5b7b48,,b24ea98ce4ffebb0bc831acd1de8558f49c371ff4774fa31667daa11ffc0dd6c,True,downloaded_or_resumed
Binance Public Data,archive,SOLUSDT,2024-04,https://data.binance.vision/data/spot/monthly/klines/SOLUSDT/1h/SOLUSDT-1h-2024-04.zip,data/raw/full_import/binance/spot/monthly/klines/SOLUSDT/1h/SOLUSDT-1h-2024-04.zip,2026-08-01T05:21:14+00:00,35891,ab98165d2c785e871a4614bcb853edbd49b0701a2b3fed1f9d0bf602d128a4fc,,ab98165d2c785e871a4614bcb853edbd49b0701a2b3fed1f9d0bf602d128a4fc,True,downloaded_or_resumed
Binance Public Data,checksum,SOLUSDT,2024-04,https://data.binance.vision/data/spot/monthly/klines/SOLUSDT/1h/SOLUSDT-1h-2024-04.zip.CHECKSUM,data/raw/full_import/binance/spot/monthly/klines/SOLUSDT/1h/SOLUSDT-1h-2024-04.zip.CHECKSUM,2026-08-01T05:21:14+00:00,88,ed01e7aa8707aaa10f5c87aeb3832fafc1f5a19492fce8948b5099ce3c36d472,,ab98165d2c785e871a4614bcb853edbd49b0701a2b3fed1f9d0bf602d128a4fc,True,downloaded_or_resumed
Binance Public Data,archive,SOLUSDT,2024-05,https://data.binance.vision/data/spot/monthly/klines/SOLUSDT/1h/SOLUSDT-1h-2024-05.zip,data/raw/full_import/binance/spot/monthly/klines/SOLUSDT/1h/SOLUSDT-1h-2024-05.zip,2026-08-01T05:21:16+00:00,38445,effcd422f7171f6b8fdaec8b8a7bdf9f354e772503569ca648f5a106f82871d9,,effcd422f7171f6b8fdaec8b8a7bdf9f354e772503569ca648f5a106f82871d9,True,downloaded_or_resumed
Binance Public Data,checksum,SOLUSDT,2024-05,https://data.binance.vision/data/spot/monthly/klines/SOLUSDT/1h/SOLUSDT-1h-2024-05.zip.CHECKSUM,data/raw/full_import/binance/spot/monthly/klines/SOLUSDT/1h/SOLUSDT-1h-2024-05.zip.CHECKSUM,2026-08-01T05:21:16+00:00,88,75a4d2ba11ec64318765cec10cb56d0aee8329f34269be171370ada76f6e3b28,,effcd422f7171f6b8fdaec8b8a7bdf9f354e772503569ca648f5a106f82871d9,True,downloaded_or_resumed
Binance Public Data,archive,SOLUSDT,2024-06,https://data.binance.vision/data/spot/monthly/klines/SOLUSDT/1h/SOLUSDT-1h-2024-06.zip,data/raw/full_import/binance/spot/monthly/klines/SOLUSDT/1h/SOLUSDT-1h-2024-06.zip,2026-08-01T05:21:18+00:00,36763,578fd34d382d7663934a9556c3316a28ac504cffa9a53434b2909f241271898f,,578fd34d382d7663934a9556c3316a28ac504cffa9a53434b2909f241271898f,True,downloaded_or_resumed
Binance Public Data,checksum,SOLUSDT,2024-06,https://data.binance.vision/data/spot/monthly/klines/SOLUSDT/1h/SOLUSDT-1h-2024-06.zip.CHECKSUM,data/raw/full_import/binance/spot/monthly/klines/SOLUSDT/1h/SOLUSDT-1h-2024-06.zip.CHECKSUM,2026-08-01T05:21:18+00:00,88,e2437a759130b160a8a872d5eb822a232e6de8879b741948484821e4cdd1b271,,578fd34d382d7663934a9556c3316a28ac504cffa9a53434b2909f241271898f,True,downloaded_or_resumed
Binance Public Data,archive,SOLUSDT,2024-07,https://data.binance.vision/data/spot/monthly/klines/SOLUSDT/1h/SOLUSDT-1h-2024-07.zip,data/raw/full_import/binance/spot/monthly/klines/SOLUSDT/1h/SOLUSDT-1h-2024-07.zip,2026-08-01T05:21:19+00:00,38488,828f2a8814662d3bcff915eec19fd1771ec996a4a024317fda3f2d2ba61fb310,,828f2a8814662d3bcff915eec19fd1771ec996a4a024317fda3f2d2ba61fb310,True,downloaded_or_resumed
Binance Public Data,checksum,SOLUSDT,2024-07,https://data.binance.vision/data/spot/monthly/klines/SOLUSDT/1h/SOLUSDT-1h-2024-07.zip.CHECKSUM,data/raw/full_import/binance/spot/monthly/klines/SOLUSDT/1h/SOLUSDT-1h-2024-07.zip.CHECKSUM,2026-08-01T05:21:19+00:00,88,bf8247327502e6e22933ee58376f313235b3ac452588b093dda5f1f6fc4cd856,,828f2a8814662d3bcff915eec19fd1771ec996a4a024317fda3f2d2ba61fb310,True,downloaded_or_resumed
Binance Public Data,archive,SOLUSDT,2024-08,https://data.binance.vision/data/spot/monthly/klines/SOLUSDT/1h/SOLUSDT-1h-2024-08.zip,data/raw/full_import/binance/spot/monthly/klines/SOLUSDT/1h/SOLUSDT-1h-2024-08.zip,2026-08-01T05:21:20+00:00,38646,4f9d4d80f237b67b7038f6d2fc4e131daf8ca65f679359a92ba33574014b1c2a,,4f9d4d80f237b67b7038f6d2fc4e131daf8ca65f679359a92ba33574014b1c2a,True,downloaded_or_resumed
Binance Public Data,checksum,SOLUSDT,2024-08,https://data.binance.vision/data/spot/monthly/klines/SOLUSDT/1h/SOLUSDT-1h-2024-08.zip.CHECKSUM,data/raw/full_import/binance/spot/monthly/klines/SOLUSDT/1h/SOLUSDT-1h-2024-08.zip.CHECKSUM,2026-08-01T05:21:20+00:00,88,6dab4709f2dd71a50c5e8141c645931ca5aef34879aa57704486fa3ca8f13b04,,4f9d4d80f237b67b7038f6d2fc4e131daf8ca65f679359a92ba33574014b1c2a,True,downloaded_or_resumed
Binance Public Data,archive,SOLUSDT,2024-09,https://data.binance.vision/data/spot/monthly/klines/SOLUSDT/1h/SOLUSDT-1h-2024-09.zip,data/raw/full_import/binance/spot/monthly/klines/SOLUSDT/1h/SOLUSDT-1h-2024-09.zip,2026-08-01T05:21:21+00:00,36920,70641e992419a4003519e06094c68b2e13971341e92559e307a38d7215d94b63,,70641e992419a4003519e06094c68b2e13971341e92559e307a38d7215d94b63,True,downloaded_or_resumed
Binance Public Data,checksum,SOLUSDT,2024-09,https://data.binance.vision/data/spot/monthly/klines/SOLUSDT/1h/SOLUSDT-1h-2024-09.zip.CHECKSUM,data/raw/full_import/binance/spot/monthly/klines/SOLUSDT/1h/SOLUSDT-1h-2024-09.zip.CHECKSUM,2026-08-01T05:21:21+00:00,88,1e1221a0f7f875daaf4570262a9b2eb6dc66fafa2f5d5162ad723d3c9f3fb059,,70641e992419a4003519e06094c68b2e13971341e92559e307a38d7215d94b63,True,downloaded_or_resumed
Binance Public Data,archive,SOLUSDT,2024-10,https://data.binance.vision/data/spot/monthly/klines/SOLUSDT/1h/SOLUSDT-1h-2024-10.zip,data/raw/full_import/binance/spot/monthly/klines/SOLUSDT/1h/SOLUSDT-1h-2024-10.zip,2026-08-01T05:21:23+00:00,38281,3b5d4eb1f9049f8030a01886d2d9ca346da66163fd1fa81ba145fca5fa085edd,,3b5d4eb1f9049f8030a01886d2d9ca346da66163fd1fa81ba145fca5fa085edd,True,downloaded_or_resumed
Binance Public Data,checksum,SOLUSDT,2024-10,https://data.binance.vision/data/spot/monthly/klines/SOLUSDT/1h/SOLUSDT-1h-2024-10.zip.CHECKSUM,data/raw/full_import/binance/spot/monthly/klines/SOLUSDT/1h/SOLUSDT-1h-2024-10.zip.CHECKSUM,2026-08-01T05:21:23+00:00,88,fed1aca271e3600d903405cc13540030acad3974307a2f98e4e17a19bbce5a44,,3b5d4eb1f9049f8030a01886d2d9ca346da66163fd1fa81ba145fca5fa085edd,True,downloaded_or_resumed
Binance Public Data,archive,SOLUSDT,2024-11,https://data.binance.vision/data/spot/monthly/klines/SOLUSDT/1h/SOLUSDT-1h-2024-11.zip,data/raw/full_import/binance/spot/monthly/klines/SOLUSDT/1h/SOLUSDT-1h-2024-11.zip,2026-08-01T05:21:25+00:00,38110,62fd1843a47ec177849a68faf0a5c33ae11bc33b462f664657a6a68246743080,,62fd1843a47ec177849a68faf0a5c33ae11bc33b462f664657a6a68246743080,True,downloaded_or_resumed
Binance Public Data,checksum,SOLUSDT,2024-11,https://data.binance.vision/data/spot/monthly/klines/SOLUSDT/1h/SOLUSDT-1h-2024-11.zip.CHECKSUM,data/raw/full_import/binance/spot/monthly/klines/SOLUSDT/1h/SOLUSDT-1h-2024-11.zip.CHECKSUM,2026-08-01T05:21:25+00:00,88,d5ccc257b48a80a8a33cc4616dfcae45a0ea39ad6bd1a0d3c43e6a376f3bc7c7,,62fd1843a47ec177849a68faf0a5c33ae11bc33b462f664657a6a68246743080,True,downloaded_or_resumed
Binance Public Data,archive,SOLUSDT,2024-12,https://data.binance.vision/data/spot/monthly/klines/SOLUSDT/1h/SOLUSDT-1h-2024-12.zip,data/raw/full_import/binance/spot/monthly/klines/SOLUSDT/1h/SOLUSDT-1h-2024-12.zip,2026-08-01T05:21:26+00:00,38845,af4ab37dbb738e3ee0c168fe9b55366111e4ad112a905f4740a6efbd810e752d,,af4ab37dbb738e3ee0c168fe9b55366111e4ad112a905f4740a6efbd810e752d,True,downloaded_or_resumed
Binance Public Data,checksum,SOLUSDT,2024-12,https://data.binance.vision/data/spot/monthly/klines/SOLUSDT/1h/SOLUSDT-1h-2024-12.zip.CHECKSUM,data/raw/full_import/binance/spot/monthly/klines/SOLUSDT/1h/SOLUSDT-1h-2024-12.zip.CHECKSUM,2026-08-01T05:21:26+00:00,88,57113494f5be832638cc4425d09a9218172b70db1978e1fe367d8273f5ec8ad0,,af4ab37dbb738e3ee0c168fe9b55366111e4ad112a905f4740a6efbd810e752d,True,downloaded_or_resumed
Binance Public Data,archive,SOLUSDT,2025-01,https://data.binance.vision/data/spot/monthly/klines/SOLUSDT/1h/SOLUSDT-1h-2025-01.zip,data/raw/full_import/binance/spot/monthly/klines/SOLUSDT/1h/SOLUSDT-1h-2025-01.zip,2026-08-01T05:21:27+00:00,39701,8a40f8d5eb6e28b0c57c830ccb76e49046c1bdc631ec840e32576808f62ad466,,8a40f8d5eb6e28b0c57c830ccb76e49046c1bdc631ec840e32576808f62ad466,True,downloaded_or_resumed
Binance Public Data,checksum,SOLUSDT,2025-01,https://data.binance.vision/data/spot/monthly/klines/SOLUSDT/1h/SOLUSDT-1h-2025-01.zip.CHECKSUM,data/raw/full_import/binance/spot/monthly/klines/SOLUSDT/1h/SOLUSDT-1h-2025-01.zip.CHECKSUM,2026-08-01T05:21:27+00:00,88,7116959c2600ff958d0e746ba16ef4aabc7685d33286b9e1897550497f875a11,,8a40f8d5eb6e28b0c57c830ccb76e49046c1bdc631ec840e32576808f62ad466,True,downloaded_or_resumed
Binance Public Data,archive,SOLUSDT,2025-02,https://data.binance.vision/data/spot/monthly/klines/SOLUSDT/1h/SOLUSDT-1h-2025-02.zip,data/raw/full_import/binance/spot/monthly/klines/SOLUSDT/1h/SOLUSDT-1h-2025-02.zip,2026-08-01T05:21:29+00:00,35695,8b7af1c42f8d8ac9bff2b2c8bc8a098150364947d93b363df0ab51e280aea544,,8b7af1c42f8d8ac9bff2b2c8bc8a098150364947d93b363df0ab51e280aea544,True,downloaded_or_resumed
Binance Public Data,checksum,SOLUSDT,2025-02,https://data.binance.vision/data/spot/monthly/klines/SOLUSDT/1h/SOLUSDT-1h-2025-02.zip.CHECKSUM,data/raw/full_import/binance/spot/monthly/klines/SOLUSDT/1h/SOLUSDT-1h-2025-02.zip.CHECKSUM,2026-08-01T05:21:29+00:00,88,694dfb347c787a556faf92c28ba460002a9141d1d66bc04ee5d0dee614e642ec,,8b7af1c42f8d8ac9bff2b2c8bc8a098150364947d93b363df0ab51e280aea544,True,downloaded_or_resumed
Binance Public Data,archive,SOLUSDT,2025-03,https://data.binance.vision/data/spot/monthly/klines/SOLUSDT/1h/SOLUSDT-1h-2025-03.zip,data/raw/full_import/binance/spot/monthly/klines/SOLUSDT/1h/SOLUSDT-1h-2025-03.zip,2026-08-01T05:21:30+00:00,38912,7ddd11cb34dca5c6815cce34107d1bfc4a492c65b5f1def1d80419b04cb4b838,,7ddd11cb34dca5c6815cce34107d1bfc4a492c65b5f1def1d80419b04cb4b838,True,downloaded_or_resumed
Binance Public Data,checksum,SOLUSDT,2025-03,https://data.binance.vision/data/spot/monthly/klines/SOLUSDT/1h/SOLUSDT-1h-2025-03.zip.CHECKSUM,data/raw/full_import/binance/spot/monthly/klines/SOLUSDT/1h/SOLUSDT-1h-2025-03.zip.CHECKSUM,2026-08-01T05:21:30+00:00,88,d463bfa0880c9537613e84ae667b2932a2db2f912a97eb26fa1ac6e73d357537,,7ddd11cb34dca5c6815cce34107d1bfc4a492c65b5f1def1d80419b04cb4b838,True,downloaded_or_resumed
Binance Public Data,archive,SOLUSDT,2025-04,https://data.binance.vision/data/spot/monthly/klines/SOLUSDT/1h/SOLUSDT-1h-2025-04.zip,data/raw/full_import/binance/spot/monthly/klines/SOLUSDT/1h/SOLUSDT-1h-2025-04.zip,2026-08-01T05:21:32+00:00,37641,6f5a34a5482fa8abddfa2205df55605993b4c458315f613567eadfbd2062a0c3,,6f5a34a5482fa8abddfa2205df55605993b4c458315f613567eadfbd2062a0c3,True,downloaded_or_resumed
Binance Public Data,checksum,SOLUSDT,2025-04,https://data.binance.vision/data/spot/monthly/klines/SOLUSDT/1h/SOLUSDT-1h-2025-04.zip.CHECKSUM,data/raw/full_import/binance/spot/monthly/klines/SOLUSDT/1h/SOLUSDT-1h-2025-04.zip.CHECKSUM,2026-08-01T05:21:32+00:00,88,f56ecf6bb20b9d65f0258d3688e5ec9bbbd5bf672184471f4dd8e6d18232d56d,,6f5a34a5482fa8abddfa2205df55605993b4c458315f613567eadfbd2062a0c3,True,downloaded_or_resumed
Binance Public Data,archive,SOLUSDT,2025-05,https://data.binance.vision/data/spot/monthly/klines/SOLUSDT/1h/SOLUSDT-1h-2025-05.zip,data/raw/full_import/binance/spot/monthly/klines/SOLUSDT/1h/SOLUSDT-1h-2025-05.zip,2026-08-01T05:21:34+00:00,38842,cb07bdbbed3f21db679ea6944805a4282f121440abf0415905fe4fdc05f480f2,,cb07bdbbed3f21db679ea6944805a4282f121440abf0415905fe4fdc05f480f2,True,downloaded_or_resumed
Binance Public Data,checksum,SOLUSDT,2025-05,https://data.binance.vision/data/spot/monthly/klines/SOLUSDT/1h/SOLUSDT-1h-2025-05.zip.CHECKSUM,data/raw/full_import/binance/spot/monthly/klines/SOLUSDT/1h/SOLUSDT-1h-2025-05.zip.CHECKSUM,2026-08-01T05:21:34+00:00,88,e39ff44a324e14d1b4044caa87125bcdbbca7867bdd06e271d01607f155b35ca,,cb07bdbbed3f21db679ea6944805a4282f121440abf0415905fe4fdc05f480f2,True,downloaded_or_resumed
Binance Public Data,archive,SOLUSDT,2025-06,https://data.binance.vision/data/spot/monthly/klines/SOLUSDT/1h/SOLUSDT-1h-2025-06.zip,data/raw/full_import/binance/spot/monthly/klines/SOLUSDT/1h/SOLUSDT-1h-2025-06.zip,2026-08-01T05:21:36+00:00,37425,082af5c4634055a860eb765f2b0549344ae6dfd9274eaa09b06859eb7125ad0f,,082af5c4634055a860eb765f2b0549344ae6dfd9274eaa09b06859eb7125ad0f,True,downloaded_or_resumed
Binance Public Data,checksum,SOLUSDT,2025-06,https://data.binance.vision/data/spot/monthly/klines/SOLUSDT/1h/SOLUSDT-1h-2025-06.zip.CHECKSUM,data/raw/full_import/binance/spot/monthly/klines/SOLUSDT/1h/SOLUSDT-1h-2025-06.zip.CHECKSUM,2026-08-01T05:21:36+00:00,88,3aeaec3e92dc0073497d1347920b00bd96d3edb0b3ec881a047a71d0f2ffebac,,082af5c4634055a860eb765f2b0549344ae6dfd9274eaa09b06859eb7125ad0f,True,downloaded_or_resumed
Binance Public Data,archive,SOLUSDT,2025-07,https://data.binance.vision/data/spot/monthly/klines/SOLUSDT/1h/SOLUSDT-1h-2025-07.zip,data/raw/full_import/binance/spot/monthly/klines/SOLUSDT/1h/SOLUSDT-1h-2025-07.zip,2026-08-01T05:21:38+00:00,38894,c2e17bfe68c0ae9ac8c12162c7a64534d91f56a9f9ec0560f300fa6414fc8f19,,c2e17bfe68c0ae9ac8c12162c7a64534d91f56a9f9ec0560f300fa6414fc8f19,True,downloaded_or_resumed
Binance Public Data,checksum,SOLUSDT,2025-07,https://data.binance.vision/data/spot/monthly/klines/SOLUSDT/1h/SOLUSDT-1h-2025-07.zip.CHECKSUM,data/raw/full_import/binance/spot/monthly/klines/SOLUSDT/1h/SOLUSDT-1h-2025-07.zip.CHECKSUM,2026-08-01T05:21:38+00:00,88,4a3c096f6bd8df6756f4c72ecce45a4779ad3271cf5c03eaf225d8b48aec11e3,,c2e17bfe68c0ae9ac8c12162c7a64534d91f56a9f9ec0560f300fa6414fc8f19,True,downloaded_or_resumed
Binance Public Data,archive,SOLUSDT,2025-08,https://data.binance.vision/data/spot/monthly/klines/SOLUSDT/1h/SOLUSDT-1h-2025-08.zip,data/raw/full_import/binance/spot/monthly/klines/SOLUSDT/1h/SOLUSDT-1h-2025-08.zip,2026-08-01T05:21:40+00:00,39308,7ea49f6b1196a1c26473433850dfe139b775380cc4cdf03bf853fb553ee6c4e0,,7ea49f6b1196a1c26473433850dfe139b775380cc4cdf03bf853fb553ee6c4e0,True,downloaded_or_resumed
Binance Public Data,checksum,SOLUSDT,2025-08,https://data.binance.vision/data/spot/monthly/klines/SOLUSDT/1h/SOLUSDT-1h-2025-08.zip.CHECKSUM,data/raw/full_import/binance/spot/monthly/klines/SOLUSDT/1h/SOLUSDT-1h-2025-08.zip.CHECKSUM,2026-08-01T05:21:40+00:00,88,9b40833ef3b64e18ccdd89d498bc1978cb18c9860725cf72ac3390c97ca9ccf7,,7ea49f6b1196a1c26473433850dfe139b775380cc4cdf03bf853fb553ee6c4e0,True,downloaded_or_resumed
Binance Public Data,archive,SOLUSDT,2025-09,https://data.binance.vision/data/spot/monthly/klines/SOLUSDT/1h/SOLUSDT-1h-2025-09.zip,data/raw/full_import/binance/spot/monthly/klines/SOLUSDT/1h/SOLUSDT-1h-2025-09.zip,2026-08-01T05:21:42+00:00,38047,87ad6a05fe9d7fa90d4abd08cc3e6806759e9f3dcab69869fa3566d43bc876da,,87ad6a05fe9d7fa90d4abd08cc3e6806759e9f3dcab69869fa3566d43bc876da,True,downloaded_or_resumed
Binance Public Data,checksum,SOLUSDT,2025-09,https://data.binance.vision/data/spot/monthly/klines/SOLUSDT/1h/SOLUSDT-1h-2025-09.zip.CHECKSUM,data/raw/full_import/binance/spot/monthly/klines/SOLUSDT/1h/SOLUSDT-1h-2025-09.zip.CHECKSUM,2026-08-01T05:21:42+00:00,88,b63be0c3be870e862fc7ed1fcfe71d3160f8b142f65360daad2c1f1ee284844a,,87ad6a05fe9d7fa90d4abd08cc3e6806759e9f3dcab69869fa3566d43bc876da,True,downloaded_or_resumed
Binance Public Data,archive,SOLUSDT,2025-10,https://data.binance.vision/data/spot/monthly/klines/SOLUSDT/1h/SOLUSDT-1h-2025-10.zip,data/raw/full_import/binance/spot/monthly/klines/SOLUSDT/1h/SOLUSDT-1h-2025-10.zip,2026-08-01T05:21:44+00:00,39348,3cbcc4ed883fe75c9b095cb5981c810b39196b015940bff7cdd7fb6d68cb0865,,3cbcc4ed883fe75c9b095cb5981c810b39196b015940bff7cdd7fb6d68cb0865,True,downloaded_or_resumed
Binance Public Data,checksum,SOLUSDT,2025-10,https://data.binance.vision/data/spot/monthly/klines/SOLUSDT/1h/SOLUSDT-1h-2025-10.zip.CHECKSUM,data/raw/full_import/binance/spot/monthly/klines/SOLUSDT/1h/SOLUSDT-1h-2025-10.zip.CHECKSUM,2026-08-01T05:21:44+00:00,88,7c9d24838069a9c4e5bd9d60470ab434b36a52a01fdb7e7bd2c019ab02307681,,3cbcc4ed883fe75c9b095cb5981c810b39196b015940bff7cdd7fb6d68cb0865,True,downloaded_or_resumed
Binance Public Data,archive,SOLUSDT,2025-11,https://data.binance.vision/data/spot/monthly/klines/SOLUSDT/1h/SOLUSDT-1h-2025-11.zip,data/raw/full_import/binance/spot/monthly/klines/SOLUSDT/1h/SOLUSDT-1h-2025-11.zip,2026-08-01T05:21:45+00:00,37789,311effa24632be0dfc523980554d876d5516e6acd6c08c7aa7daa3000ba393b9,,311effa24632be0dfc523980554d876d5516e6acd6c08c7aa7daa3000ba393b9,True,downloaded_or_resumed
Binance Public Data,checksum,SOLUSDT,2025-11,https://data.binance.vision/data/spot/monthly/klines/SOLUSDT/1h/SOLUSDT-1h-2025-11.zip.CHECKSUM,data/raw/full_import/binance/spot/monthly/klines/SOLUSDT/1h/SOLUSDT-1h-2025-11.zip.CHECKSUM,2026-08-01T05:21:45+00:00,88,f31752288bcae113c719a9def0e7c640e16163cc685ce2b70ec356568588200f,,311effa24632be0dfc523980554d876d5516e6acd6c08c7aa7daa3000ba393b9,True,downloaded_or_resumed
Binance Public Data,archive,SOLUSDT,2025-12,https://data.binance.vision/data/spot/monthly/klines/SOLUSDT/1h/SOLUSDT-1h-2025-12.zip,data/raw/full_import/binance/spot/monthly/klines/SOLUSDT/1h/SOLUSDT-1h-2025-12.zip,2026-08-01T05:21:47+00:00,38236,d8259dd2f6758b7cd4166564bf8aa7219d6aa140ecf68a3667749da41d4c2560,,d8259dd2f6758b7cd4166564bf8aa7219d6aa140ecf68a3667749da41d4c2560,True,downloaded_or_resumed
Binance Public Data,checksum,SOLUSDT,2025-12,https://data.binance.vision/data/spot/monthly/klines/SOLUSDT/1h/SOLUSDT-1h-2025-12.zip.CHECKSUM,data/raw/full_import/binance/spot/monthly/klines/SOLUSDT/1h/SOLUSDT-1h-2025-12.zip.CHECKSUM,2026-08-01T05:21:47+00:00,88,940557bd12770a825cdf44955da434c74e2594efe68651f335a4b0f02f95ba69,,d8259dd2f6758b7cd4166564bf8aa7219d6aa140ecf68a3667749da41d4c2560,True,downloaded_or_resumed
Coin Metrics Community API,raw_page,btc,1,https://community-api.coinmetrics.io/v4/timeseries/asset-metrics,data/raw/full_import/coinmetrics/pages/page_00001.json,2026-08-01T05:21:48+00:00,318171,7f878a469f7a9e61c540c5fe33123edd7e213a4016c68e45ec466db8c201c784,1828,,,downloaded
